dataset,condition,chunk_size,top_k,question,ground_truth,answer,faithfulness_score,is_hallucination,nli_label,latency_s,ret_mean_similarity,ret_max_similarity,ret_min_similarity,ret_relevance_spread,ret_n_docs,ret_hcpc_v2_n_refined,ret_hcpc_v2_n_merged,ret_hcpc_v2_context_coherence,hcpc_refined,hcpc_n_chunks_before,hcpc_n_chunks_after,hcpc_n_refined,hcpc_n_merged,hcpc_best_sim_before,hcpc_best_sim_after,hcpc_best_ce_before,hcpc_best_ce_after,hcpc_context_coherence,hcpc_context_token_count
pubmedqa,hcpc_v2,1024,3,Do mitochondria play a role in remodelling lace plant leaves during programmed cell death?,"Results depicted mitochondrial dynamics in vivo as PCD progresses within the lace plant, and highlight the correlation of this organelle with other organelles during developmental PCD. To the best of our knowledge, this is the first report of mitochondria and chloroplasts moving on transvacuolar strands to form a ring structure surrounding the nucleus during developmental PCD. Also, for the first time, we have shown the feasibility for the use of CsA in a whole plant system. Overall, our findings implicate the mitochondria as playing a critical and early role in developmentally regulated PCD in the lace plant."," Yes, according to the provided context, mitochondria do play a role in remodeling lace plant leaves during programmed cell death (PCD). The text states that the role of mitochondria during PCD has been elucidated in the lace plant, and it mentions mitochondrial dynamics, distribution, motility, membrane potential, and the possible importance of mitochondrial permeability transition pore (PTP) formation during PCD. These details suggest that mitochondria are involved in the process of remodeling the lace plant leaves during PCD.",0.7316,False,faithful,14.17,0.6805,0.7279,0.5856,0.1423,3,1,3,0.7118,True,3,3,1,3,0.5382,0.6525,6.1852,6.1852,0.7118,700
pubmedqa,hcpc_v2,1024,3,Landolt C and snellen e acuity: differences in strabismus amblyopia?,"Using the charts described, there was only a slight overestimation of visual acuity by the Snellen E compared to the Landolt C, even in strabismus amblyopia. Small differences in the lower visual acuity range have to be considered."," The differences between Landolt C acuity (LR) and Snellen E acuity (SE) in strabismus amblyopia were small, with mean decimal values of 0.14 for LR and 0.16 for SE, and a mean difference of 0.55 lines between the two. In both the entire group and the eyes with strabismus amblyopia, Snellen E had higher values compared to Landolt C.",0.4842,True,hallucinated,12.76,0.7465,0.8255,0.5886,0.237,3,0,0,0.8057,False,3,3,0,0,0.651,0.651,8.8971,8.8971,0.8057,480
pubmedqa,hcpc_v2,1024,3,"Syncope during bathing in infants, a pediatric form of water-induced urticaria?","""Aquagenic maladies"" could be a pediatric form of the aquagenic urticaria."," Yes, based on the provided context, it appears that syncope (fainting) during bathing in some infants could be associated with a pediatric form of water-induced urticaria, specifically referred to as ""aquagenic maladies"" in the text. This is supported by the symptoms exhibited by the eight infants, their family history of dermographism and eruptions after exposure to water or sun, the increase in blood histamine levels after a trial bath, and the improvement after avoiding baths for a few weeks. However, it's important to note that this is an interpretation based on the provided context and further medical research would be needed to confirm this diagnosis.",0.63,False,faithful,16.21,0.5743,0.6195,0.5517,0.0678,3,1,0,0.7069,True,3,3,1,0,0.4665,0.6195,-2.2845,-2.2845,0.7069,550
pubmedqa,hcpc_v2,1024,3,Are the long-term results of the transanal pull-through equal to those of the transabdominal pull-through?,"Our long-term study showed significantly better (2-fold) results regarding the continence score for the abdominal approach compared with the transanal pull-through. The stool pattern and enterocolitis scores were somewhat better for the TERPT group. These findings raise an important issue about the current surgical management of HD; however, more cases will need to be studied before a definitive conclusion can be drawn."," I cannot find this information in the provided context. The text only discusses the long-term outcome of TERPT versus conventional transabdominal (ABD) pull-through for Hirschsprung disease, but it does not provide specific results or a comparison of their long-term outcomes.",0.5646,False,faithful,11.47,0.4704,0.5455,0.3203,0.2251,3,1,2,0.2425,True,3,3,1,2,0.1848,0.3263,5.7763,5.7763,0.2425,647
pubmedqa,hcpc_v2,1024,3,Can tailored interventions increase mammography use among HMO women?,"The effects of the intervention were most pronounced after the first intervention. Compared to usual care, telephone counseling seemed particularly effective at promoting change among nonadherent women, the group for whom the intervention was developed. These results suggest that telephone counseling, rather than tailored print, might be the preferred first-line intervention for getting nonadherent women on schedule for mammography screening. Many questions would have to be answered about why the tailored print intervention was not more powerful. Nevertheless, it is clear that additional interventions will be needed to maintain women's adherence to mammography. Medical Subject Headings (MeSH): mammography screening, telephone counseling, tailored print communications, barriers."," Yes, according to the provided context, both tailored telephone counseling and tailored print materials increased mammography use among HMO women compared to usual care alone. However, telephone counseling was found to be more effective than tailored print materials in promoting mammography screening, particularly after the first year of intervention and among women who were off-schedule during the previous year.",0.6582,False,faithful,10.33,0.6446,0.6538,0.64,0.0137,3,0,0,0.8794,False,3,3,0,0,0.3103,0.3103,1.7808,1.7808,0.8794,579
pubmedqa,hcpc_v2,1024,3,Double balloon enteroscopy: is it efficacious and safe in a community setting?,"DBE appears to be equally safe and effective when performed in the community setting as compared to a tertiary referral center with a comparable yield, efficacy, and complication rate."," I cannot find this information in the provided context. The context only discusses double balloon enteroscopy (DBE) procedures performed from March 2007 to January 2011, their indications, demographics of patients, duration and distance reached during DBEs, types of endoscopic therapy performed, and the use of video-capsule endoscopy prior to DBE. There is no information about the efficacy or safety of double balloon enteroscopy in a community setting.",0.6488,False,faithful,16.22,0.3803,0.4207,0.2994,0.1213,3,1,5,0.1328,True,3,3,1,5,0.0,0.2981,-11.0251,-11.0251,0.1328,747
pubmedqa,hcpc_v2,1024,3,30-Day and 1-year mortality in emergency general surgery laparotomies: an area of concern and need for improvement?,"Emergency laparotomy carries a high rate of mortality, especially in those over the age of 70 years, and more needs to be done to improve outcomes, particularly in this group. This could involve increasing acute surgical care manpower, early recognition of patients requiring emergency surgery, development of clear management protocols for such patients or perhaps even considering centralisation of emergency surgical services to specialist centres with multidisciplinary teams involving emergency surgeons and care of the elderly physicians in hospital and related community outreach services for post-discharge care."," Yes, according to the provided context, 30-day and 1-year mortality in emergency general surgery laparotomies is an area of concern and needs improvement. The study mentions that emergency surgery is associated with poorer outcomes and higher mortality, with a 30-day mortality rate of 14-15% in recent studies, which in this specific study was found to be 12.4% for those aged under 70 years and 22% for those aged over 70 years. Similarly, the 1-year mortality rate was 25.15% for those under 70 years and 38% for those over 70 years.",0.6134,False,faithful,18.63,0.6969,0.8578,0.3752,0.4826,3,1,4,0.325,True,3,3,1,4,0.665,0.665,6.5423,6.5423,0.325,688
pubmedqa,hcpc_v2,1024,3,Is adjustment for reporting heterogeneity necessary in sleep disorders?,"Sleep disorders are common in the general adult population of Japan. Correction for reporting heterogeneity using anchoring vignettes is not a necessary tool for proper management of sleep and energy related problems among Japanese adults. Older age, gender differences in communicating sleep-related problems, the presence of multiple morbidities, and regular exercise should be the focus of policies and clinical practice to improve sleep and energy management in Japan."," Yes, according to the provided context, the study suggests that adjusting for reporting heterogeneity is necessary in sleep disorders, particularly in Japan, as it helps to elucidate factors associated with sleep disorders more accurately. This is based on the comparison of the ordered probit model and the Compound Hierarchical Ordered Probit (CHOPIT) model, which incorporates anchoring vignettes, in this research.",0.599,False,faithful,11.09,0.65,0.6675,0.6413,0.0261,3,0,0,0.7216,False,3,3,0,0,0.363,0.363,6.9419,6.9419,0.7216,555
pubmedqa,hcpc_v2,1024,3,Do mutations causing low HDL-C promote increased carotid intima-media thickness?,Genetic variants identified in the present study may be insufficient to promote early carotid atherosclerosis.," I cannot find this information in the provided context. The text only discusses the relationship between low HDL-C and cIMT due to genetic variations in LCAT, ABCA1, and APOA1, but it does not mention any promotion of increased carotid intima-media thickness caused by these mutations.",0.4883,True,hallucinated,12.29,0.5924,0.7521,0.2728,0.4793,3,1,2,0.3246,True,3,3,1,2,0.3897,0.3897,5.4754,5.4754,0.3246,495
pubmedqa,hcpc_v2,1024,3,A short stay or 23-hour ward in a general and academic children's hospital: are they effective?,This data demonstrates the robust nature of the short stay ward. At these two very different institutions we have shown improved bed efficient and patient care in a cost-effective way. We have also reported on greater parental satisfaction and early return of the child with their family to the community.," Based on the provided context, it is stated that the short stay ward increased hospital efficiency by reducing the average length of stay compared to the regular hospital beds. However, the text does not explicitly state whether or not the short stay ward is considered effective overall. The effectiveness could be inferred from the reduced length of stay and other outcome measures mentioned, but a definitive answer cannot be given based solely on the provided context.",0.6523,False,faithful,12.88,0.7882,0.8032,0.7584,0.0447,3,0,0,0.802,False,3,3,0,0,0.5472,0.5472,6.4772,6.4772,0.802,675
pubmedqa,hcpc_v2,1024,3,Did Chile's traffic law reform push police enforcement?,"Findings suggest that traffic law reforms in order to have an effect on both traffic fatality and injury rates reduction require changes in police enforcement practices. Last, this case also illustrates how the diffusion of successful road safety practices globally promoted by WHO and World Bank can be an important influence for enhancing national road safety practices."," Yes, according to the provided context, the traffic law reform in Chile appears to have pushed for an increase in police traffic enforcement. This is inferred from the mention of a significant association between the enactment of the traffic law reform and the number of traffic tickets per police officer.",0.6997,False,faithful,8.75,0.647,0.7167,0.5076,0.2092,3,0,0,0.6891,False,3,3,0,0,0.4327,0.4327,5.9884,5.9884,0.6891,593
pubmedqa,hcpc_v2,1024,3,Therapeutic anticoagulation in the trauma patient: is it safe?,"Trauma patients have a significant complication rate related to anticoagulation therapy, and predicting which patients will develop a complication remains unclear. Prospective studies are needed to determine which treatment regimen, if any, is appropriate to safely anticoagulate this high risk population."," Based on the provided context, therapeutic anticoagulation in trauma patients is not entirely safe as it can lead to complications. The study found that 21% of trauma patients who received therapeutic anticoagulation experienced at least one complication. Furthermore, five patients (4%) died due to significant hemorrhage attributed to anticoagulation. However, the study also identified factors associated with a higher risk of complications, such as chronic obstructive pulmonary disease, UH use, and a lower initial platelet count.",0.5223,False,faithful,15.11,0.7316,0.7836,0.6276,0.156,3,1,4,0.6058,True,3,3,1,4,0.5409,0.5884,6.232,6.232,0.6058,658
pubmedqa,hcpc_v2,1024,3,Differentiation of nonalcoholic from alcoholic steatohepatitis: are routine laboratory markers useful?,"Higher MCVs and AST/ALT ratios in ASH reflect the severity of underlying liver disease and do not differentiate NASH from ASH. Instead, these biomarkers might prove useful in guiding selection of patients for liver biopsy and in targeting therapy."," Yes, according to the provided context, routine laboratory parameters such as Mean Corpuscular Volume (MCV), AST/ALT ratio, and sex can be useful in differentiating nonalcoholic steatohepatitis (NASH) from alcoholic steatohepatitis (ASH). The MCV was elevated in 53% of ASH patients and normal in all NASH patients (P<0.0001), and the AST/ALT ratio>1 was more common in ASH (54.1% vs 20.7%, P = 0.0008). The multivariate analysis identified these markers as relevant regressors with an area under the curve (aROC) of 0.92. However, the context does not provide information about the graft survival rates or liver function parameters in relation to differentiation of NASH from ASH.",0.4259,True,hallucinated,22.35,0.6663,0.8728,0.2534,0.6195,3,1,2,0.2987,True,3,3,1,2,0.4882,0.4882,7.3373,7.3373,0.2987,640
pubmedqa,hcpc_v2,1024,3,Prompting Primary Care Providers about Increased Patient Risk As a Result of Family History: Does It Work?,"No change occurred upon instituting simple, at-the-visit family history prompts geared to improve PCPs' ability to identify patients at high risk for 6 common conditions. The results are both surprising and disappointing. Further studies should examine physicians' perception of the utility of prompts for family history risk."," Based on the provided context, it appears that the study aimed to determine if automated, at-the-visit tailored prompts about family history risk could change Primary Care Providers (PCPs) behavior. However, the study found no significant change in problem summary list documentation of risk status or screening interventions for any of the 6 diseases as a result of these prompts. Therefore, it can be inferred that prompting PCPs about increased patient risk as a result of family history may not have worked effectively according to this specific study's findings.",0.4955,True,hallucinated,14.35,0.7247,0.7599,0.6543,0.1056,3,1,1,0.6959,True,3,3,1,1,0.5132,0.6543,4.8976,4.8976,0.6959,594
pubmedqa,hcpc_v2,1024,3,Do emergency ultrasound fellowship programs impact emergency medicine residents' ultrasound education?,Emergency US fellowship programs had a positive impact on residents' US educational experiences. Emergency medicine residents performed more scans overall and also used bedside US for more advanced applications in programs with EUS fellowships.," Yes, according to the provided context, there are significant differences in the number of scans performed, applications of bedside US, and barriers to US education between residency programs with and without emergency ultrasound (EUS) fellowships. This suggests that EUS fellowship programs may impact emergency medicine residents' ultrasound education.",0.6754,False,faithful,10.46,0.7015,0.8298,0.445,0.3849,3,1,2,0.6482,True,3,3,1,2,0.6096,0.6096,8.9745,8.9745,0.6482,634
pubmedqa,hcpc_v2,1024,3,Patient-Controlled Therapy of Breathlessness in Palliative Care: A New Therapeutic Concept for Opioid Administration?,Opioid PCT is a feasible and acceptable therapeutic method to reduce refractory breathlessness in palliative care patients.," Yes, according to the context provided, patient-controlled therapy (PCT) of breathlessness, specifically intravenous opioid PCT, appears to be a new therapeutic concept for opioid administration in palliative care. This is supported by the statement that it was investigated as an effective method to reduce breathlessness in patients with advanced disease and was found to provide relief of breathlessness in 12 out of 12 patients on Day 3. However, the context also mentions that this was a pilot study, so further research may be needed to confirm these findings.",0.6019,False,faithful,16.68,0.671,0.7311,0.5509,0.1801,3,1,6,0.7814,True,3,3,1,6,0.5013,0.7138,3.3409,3.3409,0.7814,703
pubmedqa,hcpc_v2,1024,3,Is there still a need for living-related liver transplantation in children?,"The short- and long-term outcomes after LRT and SLT did not differ significantly. To avoid the risk for the donor in LRT, SLT represents the first-line therapy in pediatric liver transplantation in countries where cadaveric organs are available. LRT provides a solution for urgent cases in which a cadaveric graft cannot be found in time or if the choice of the optimal time point for transplantation is vital."," The provided context does not discuss or compare outcomes specifically in children for either split-liver transplantation (SLT) or living-related liver transplantation (LRT). Therefore, I cannot determine if there is still a need for living-related liver transplantation in children based solely on the given context.",0.7188,False,faithful,10.54,0.5631,0.6468,0.3956,0.2513,3,1,2,0.6646,True,3,3,1,2,0.1455,0.3979,-0.5773,-0.5773,0.6646,642
pubmedqa,hcpc_v2,1024,3,Do patterns of knowledge and attitudes exist among unvaccinated seniors?,Findings suggest that cluster analyses may be useful in identifying groups for targeted health messages.," Yes, patterns of knowledge and attitudes exist among unvaccinated seniors as they were clustered by their immunization related knowledge and attitudes in the provided context.",0.6582,False,faithful,7.79,0.64,0.8278,0.2644,0.5634,3,1,4,0.2445,True,3,3,1,4,0.6059,0.6059,7.7808,7.7808,0.2445,541
pubmedqa,hcpc_v2,1024,3,Is there a model to teach and practice retroperitoneoscopic nephrectomy?,RPN in a porcine model is feasible and could be very useful for teaching and practicing retroperitoneoscopy.," Yes, according to the provided context, a model for teaching and practicing retroperitoneoscopic nephrectomy (RPN) has been developed in this study using a porcine model.",0.4828,True,hallucinated,8.55,0.6669,0.7283,0.544,0.1843,3,1,1,0.6568,True,3,3,1,1,0.3992,0.544,7.298,7.298,0.6568,536
pubmedqa,hcpc_v2,1024,3,Cardiovascular risk in a rural adult West African population: is resting heart rate also relevant?,Significant associations were observed between RHR and several established cardiovascular risk factors. Prospective studies are needed in sub-Saharan African populations to establish the potential value of RHR in cardiovascular risk assessment.," Yes, according to the provided context, resting heart rate (RHR) is indeed relevant as a marker for cardiovascular disease (CVD) risk in a rural adult West African population. The study found that 19% of participants had an elevated RHR (>90 bpm), and individuals with an elevated RHR had a higher risk of casual high blood pressure compared to those with normal RHR, independently of several established CVD risk factors.",0.62,False,faithful,12.93,0.7103,0.8357,0.4593,0.3765,3,1,2,0.5352,True,3,3,1,2,0.5271,0.5271,5.9157,5.9157,0.5352,608
pubmedqa,hcpc_v2,1024,3,Israeli hospital preparedness for terrorism-related multiple casualty incidents: can the surge capacity and injury severity distribution be better predicted?,Hospital preparedness can be better defined by a fixed number of casualties rather than a percentile of its bed capacity. Only 20% of the arriving casualties will require immediate medical treatment. Implementation of this concept may improve the utilisation of national emergency health resources both in the preparation phase and on real time.," Based on the provided context, it appears that the study evaluates the efficacy of the current readiness guidelines for Hospital Multiple Casualty Incidents (HMCIs) in Israeli hospitals. However, the text does not provide information about whether the surge capacity and injury severity distribution can be better predicted. The study does show that in 95% of the HMCIs, the casualty load was less than or equal to 52, and 79.2% of the casualties did not necessitate immediate medical treatment. But it doesn't explicitly state whether these findings could lead to better predictions for surge capacity and injury severity distribution in future incidents.",0.5274,False,faithful,15.45,0.6692,0.7204,0.5668,0.1536,3,1,2,0.7149,True,3,3,1,2,0.5431,0.5693,2.1049,2.1049,0.7149,561
pubmedqa,hcpc_v2,1024,3,Acute respiratory distress syndrome in children with malignancy--can we predict outcome?,"Peak inspiratory pressure, PEEP, and ventilation index values could distinguish survivors from nonsurvivors by day 3. This may assist in early application of supportive nonconventional therapies in children with malignancy and ARDS."," Yes, according to the provided context, peak inspiratory pressure, positive end-expiratory pressure (PEEP), and ventilation index values can distinguish the outcome by day 3 for children with acute respiratory distress syndrome (ARDS) and malignancy. Additionally, a significant relationship between respiratory data and outcome related to efficiency of oxygenation, as determined by PaO(2)/FIO(2) and P(A-a)O(2), was present from day 8 after onset of mechanical ventilation. However, the context does not provide information about predicting outcomes beyond day 3 or for later stages of treatment.",0.5776,False,faithful,17.54,0.7254,0.8569,0.4623,0.3947,3,1,6,0.4438,True,3,3,1,6,0.4817,0.4817,6.8882,6.8882,0.4438,718
pubmedqa,hcpc_v2,1024,3,Secondhand smoke risk in infants discharged from an NICU: potential for significant health disparities?,"The most disadvantaged families were least likely to have protective health behaviors in place to reduce SHSe and, consequently, are most at-risk for tobacco exposure and subsequent tobacco-related health disparities. Innovative SHSe interventions for this vulnerable population are sorely needed."," Yes, according to the provided context, there is a potential for significant health disparities related to secondhand smoke (SHSe) risk in infants discharged from an NICU. The data suggests that socioeconomic status, race, and mental health status may be factors influencing SHSe and household smoking bans. Families with lower annual incomes ($<25,000) were less likely to have a total smoking ban in place compared to families with higher incomes (p<.01). Additionally, African American and Caucasian families were less likely to have a smoking ban compared with Hispanics (p<.05). Mothers who reported no smoking ban were more depressed than those who had a household smoking ban (p<.02). These findings suggest that there may be health disparities related to SHSe exposure among infants discharged from an NICU, particularly along socioeconomic and racial lines.",0.5139,False,faithful,20.71,0.6506,0.775,0.402,0.373,3,1,1,0.6104,True,3,3,1,1,0.5112,0.5112,5.7231,5.7231,0.6104,599
pubmedqa,hcpc_v2,1024,3,Do nomograms designed to predict biochemical recurrence (BCR) do a better job of predicting more clinically relevant prostate cancer outcomes than BCR?,"Currently available nomograms used to predict BCR accurately predict PCSM and other more clinically relevant endpoints. Moreover, not only do they significantly predict PCSM, but do so with generally greater accuracy than BCR."," Yes, according to the provided context, it is stated that the nomograms designed to predict biochemical recurrence (BCR) can predict more definitive endpoints such as Prostate Cancer-Specific Mortality (PCSM) more accurately than they predict BCR.",0.5567,False,faithful,9.71,0.8086,0.8367,0.7524,0.0843,3,0,0,0.7772,False,3,3,0,0,0.6852,0.6852,7.1242,7.1242,0.7772,555
pubmedqa,hcpc_v2,1024,3,Are reports of mechanical dysfunction in chronic oro-facial pain related to somatisation?,"Self-reported mechanical factors associated with chronic oro-facial pain are confounded, in part, by psychological factors and are equally common across other frequently unexplained syndromes. They may represent another feature of somatisation. Therefore the use of extensive invasive therapy such as occlusal adjustments and surgery to change mechanical factors may not be justified in many cases."," Yes, according to the provided context, there is a common association found between self-reported mechanical factors (such as teeth grinding and facial trauma) and the reporting of other frequently unexplained syndromes. This suggests that reports of mechanical dysfunction in chronic oro-facial pain might be related to somatization, although the text does not explicitly use the term ""somatization.""",0.6787,False,faithful,11.2,0.7722,0.7941,0.7285,0.0655,3,0,0,0.8173,False,3,3,0,0,0.5438,0.5438,4.6592,4.6592,0.8173,547
pubmedqa,hcpc_v2,1024,3,Amblyopia: is visual loss permanent?,Older people with a history of amblyopia who develop visual loss in the previously normal eye can experience recovery of visual function in the amblyopic eye over a period of time. This recovery in visual function occurs in the wake of visual loss in the fellow eye and the improvement appears to be sustained.," The provided context does not specify whether visual loss due to amblyopia is permanent or not. However, it does mention that in nine out of the twelve cases where an improvement in visual acuity was recorded in eyes with a history of amblyopia, the improvement occurred and remained stable over the period of follow-up, suggesting that some degree of recovery might be possible. But without further information, it's not definitive whether this improvement is permanent or temporary.",0.5873,False,faithful,13.06,0.4556,0.5192,0.4237,0.0955,3,1,4,0.6681,True,3,3,1,4,0.2457,0.5871,-10.5329,-10.5279,0.6681,720
pubmedqa,hcpc_v2,1024,3,Implementation of epidural analgesia for labor: is the standard of effective analgesia reachable in all women?,"Present audit shows that the process of implementation of labor analgesia was quick, successful and safe, notwithstanding the identification of one cluster of women with suboptimal response to epidural analgesia that need to be further studies, overall pregnant womens'adhesion to labor analgesia was satisfactory."," Based on the provided context, it is not explicitly stated whether the standard of effective analgesia (implementation of epidural analgesia for labor to all patients) can be reached in all women. The text mentions an increase in the use of epidural analgesia from 15.5% to 51%, but it does not guarantee that this increase reaches all women. However, the study does not provide enough information to definitively answer whether the standard can be achieved for every woman.",0.5807,False,faithful,13.18,0.712,0.8375,0.4611,0.3763,3,1,3,0.5039,True,3,3,1,3,0.6609,0.6609,3.9777,3.9777,0.5039,615
pubmedqa,hcpc_v2,1024,3,Does HER2 immunoreactivity provide prognostic information in locally advanced urothelial carcinoma patients receiving adjuvant M-VEC chemotherapy?,HER2 immunoreactivity might have a limited prognostic value for advanced urothelial carcinoma patients with adjuvant M-VEC.," Yes, according to the provided context, HER2 immunoreactivity provides prognostic information in locally advanced urothelial carcinoma patients receiving adjuvant M-VEC chemotherapy. It was found to be a significant prognostic factor for PFS (p = 0.03) and disease-specific OS (p = 0.02) using univariate analysis, but not in multivariate analysis.",0.6747,False,faithful,15.58,0.856,0.859,0.8546,0.0045,3,0,0,0.793,False,3,3,0,0,0.7091,0.7091,7.6976,7.6976,0.793,487
pubmedqa,hcpc_v2,1024,3,Is halofantrine ototoxic?,"Halofantrine has mild to moderate pathological effects on cochlea histology, and can be considered an ototoxic drug."," Based on the provided context, there is no information about the ototoxicity (effect on hearing) of Halofantrine. However, in the study conducted on guinea pigs, changes were observed in the inner hair cells, inner phalangeal cells, and spiral ganglia cells of the cochlea after exposure to halofantrine, which could potentially indicate some impact on hearing. But without further studies or specific confirmation, it cannot be definitively stated that Halofantrine is ototoxic.",0.4384,True,hallucinated,15.03,0.4917,0.6298,0.2154,0.4144,3,1,5,0.0904,True,3,3,1,5,0.2136,0.2565,3.0537,3.0537,0.0904,720
pubmedqa,hcpc_v2,1024,3,Visceral adipose tissue area measurement at a single level: can it represent visceral adipose tissue volume?,"VAT area measurement at a single level 3 cm above the lower margin of the L3 vertebra is feasible and can reflect changes in VAT volume and body weight. Advances in knowledge: As VAT area at a CT slice 3cm above the lower margin of L3 can best reflect interval changes in VAT volume and body weight, VAT area measurement should be selected at this location."," Yes, according to the provided context, the visceral adipose tissue (VAT) area measured at a slice 3 cm above the lower margin of L3 can represent changes in VAT volume. The correlation between VAT area and VAT volume was shown to be strong with an r value of 0.853. However, it's important to note that this study did not directly measure VAT volume but rather found a strong correlation between the two measurements at that specific slice location.",0.5738,False,faithful,14.47,0.4913,0.6079,0.2581,0.3498,3,1,4,0.2085,True,3,3,1,4,0.1748,0.2799,2.476,2.476,0.2085,660
