question,ground_truth,answer,condition,faithfulness_score,is_hallucination,mean_retrieval_similarity,refined,ccs,latency_s,dataset,temperature,backend,model
Do mitochondria play a role in remodelling lace plant leaves during programmed cell death?,"Results depicted mitochondrial dynamics in vivo as PCD progresses within the lace plant, and highlight the correlation of this organelle with other organelles during developmental PCD. To the best of our knowledge, this is the first report of mitochondria and chloroplasts moving on transvacuolar strands to form a ring structure surrounding the nucleus during developmental PCD. Also, for the first time, we have shown the feasibility for the use of CsA in a whole plant system. Overall, our findings implicate the mitochondria as playing a critical and early role in developmentally regulated PCD in the lace plant."," Yes, based on the provided context, it can be inferred that mitochondria do play a role in remodeling lace plant leaves during programmed cell death (PCD). The text states that the role of mitochondria during PCD has been elucidated in the lace plant and that mitochondrial dynamics were delineated into different categories based on characteristics such as distribution, motility, and membrane potential. Additionally, it is mentioned that the possible importance of mitochondrial permeability transition pore (PTP) formation during PCD was examined, suggesting a role for mitochondria in this process.",baseline,0.7347,False,0.4707,False,-1.0,11.81,pubmedqa,1.0,ollama,mistral
Do mitochondria play a role in remodelling lace plant leaves during programmed cell death?,"Results depicted mitochondrial dynamics in vivo as PCD progresses within the lace plant, and highlight the correlation of this organelle with other organelles during developmental PCD. To the best of our knowledge, this is the first report of mitochondria and chloroplasts moving on transvacuolar strands to form a ring structure surrounding the nucleus during developmental PCD. Also, for the first time, we have shown the feasibility for the use of CsA in a whole plant system. Overall, our findings implicate the mitochondria as playing a critical and early role in developmentally regulated PCD in the lace plant."," Yes, according to the provided context, the role of mitochondria during programmed cell death (PCD) in Aponogeton madagascariensis is being elucidated. The context mentions that PCD in lace plant leaves involves changes in mitochondrial dynamics and that a treatment with MitoTracker Red CMXRos reveals similar mitochondrial dynamics to non-PCD cells when the number of perforations in leaves is significantly lower compared to controls, suggesting that mitochondria do play a role in remodelling lace plant leaves during PCD.",hcpc_v1,0.949,False,0.5723,False,-1.0,6.39,pubmedqa,1.0,ollama,mistral
Do mitochondria play a role in remodelling lace plant leaves during programmed cell death?,"Results depicted mitochondrial dynamics in vivo as PCD progresses within the lace plant, and highlight the correlation of this organelle with other organelles during developmental PCD. To the best of our knowledge, this is the first report of mitochondria and chloroplasts moving on transvacuolar strands to form a ring structure surrounding the nucleus during developmental PCD. Also, for the first time, we have shown the feasibility for the use of CsA in a whole plant system. Overall, our findings implicate the mitochondria as playing a critical and early role in developmentally regulated PCD in the lace plant."," Yes, based on the provided context, it can be inferred that mitochondria play a role in remodeling lace plant leaves during programmed cell death. The text mentions that mitochondrial dynamics were studied during PCD in A. madagascariensis, and the progression of PCD was associated with specific characteristics of mitochondria. Furthermore, the paper aims to elucidate the role of mitochondrial dynamics during PCD in vivo in A. madagascariensis. However, it's important to note that the exact mechanisms and the significance of these dynamics are not fully detailed in the provided context.",hcpc_v2,0.6107,False,0.4711,True,0.1358,8.85,pubmedqa,1.0,ollama,mistral
Landolt C and snellen e acuity: differences in strabismus amblyopia?,"Using the charts described, there was only a slight overestimation of visual acuity by the Snellen E compared to the Landolt C, even in strabismus amblyopia. Small differences in the lower visual acuity range have to be considered."," In the provided context, it's stated that for patients with strabismus amblyopia, the mean difference between Landolt C (LR) and Snellen E (SE) acuity was 0.55 lines, with higher values of SE in both groups.",baseline,0.5805,False,0.6049,False,-1.0,6.22,pubmedqa,1.0,ollama,mistral
Landolt C and snellen e acuity: differences in strabismus amblyopia?,"Using the charts described, there was only a slight overestimation of visual acuity by the Snellen E compared to the Landolt C, even in strabismus amblyopia. Small differences in the lower visual acuity range have to be considered."," The context states that for eyes with strabismus amblyopia, the mean difference between Landolt C acuity (LR) and Snellen E acuity (SE) was 0.55 lines, with higher values of SE. This indicates a slightly larger value for Snellen E acuity compared to Landolt C acuity in cases of strabismus amblyopia.",hcpc_v1,0.4885,True,0.729,False,-1.0,4.52,pubmedqa,1.0,ollama,mistral
Landolt C and snellen e acuity: differences in strabismus amblyopia?,"Using the charts described, there was only a slight overestimation of visual acuity by the Snellen E compared to the Landolt C, even in strabismus amblyopia. Small differences in the lower visual acuity range have to be considered."," In the provided context, it is stated that for the group with strabismus amblyopia, the mean difference between Landolt C acuity (LR) and Snellen E acuity (SE) was 0.55 lines, with higher values of SE.",hcpc_v2,0.513,False,0.6053,True,0.6825,5.78,pubmedqa,1.0,ollama,mistral
"Syncope during bathing in infants, a pediatric form of water-induced urticaria?","""Aquagenic maladies"" could be a pediatric form of the aquagenic urticaria."," Based on the provided context, it is suggested that syncope during bathing in infants could potentially be related to a form of water-induced urticaria, referred to as ""aquagenic maladies."" However, the text does not directly confirm this as definitive diagnosis. It mentions symptoms such as pallor, hypotonia, and unresponsiveness that improve after withdrawal from the bath, increased blood histamine levels after a trial bath, and favorable evolution after avoiding baths for a few weeks, all of which are consistent with water-induced urticaria. But it also mentions that initial diagnoses of seizure or gastroesophageal reflux were considered but deemed doubtful. Therefore, while the text strongly suggests aquagenic maladies as a possibility, it does not strictly confirm syncope during bathing in infants is a pediatric form of water-induced urticaria.",baseline,0.5488,False,0.4616,False,-1.0,12.84,pubmedqa,1.0,ollama,mistral
"Syncope during bathing in infants, a pediatric form of water-induced urticaria?","""Aquagenic maladies"" could be a pediatric form of the aquagenic urticaria."," I cannot find this information in the provided context. The context only mentions ""aquagenic maladies"" associated with troubles after exposure to water or sun, but it does not specifically mention syncope (fainting) during bathing or a pediatric form of water-induced urticaria (hives).",hcpc_v1,0.4937,True,0.533,False,-1.0,4.78,pubmedqa,1.0,ollama,mistral
"Syncope during bathing in infants, a pediatric form of water-induced urticaria?","""Aquagenic maladies"" could be a pediatric form of the aquagenic urticaria."," Based on the provided context, it seems likely that the ""aquagenic maladies"" experienced by the infants are a form of water-induced urticaria. However, the text does not explicitly confirm that this condition results in syncope (fainting). Therefore, I cannot definitively say that syncope during bathing in infants is a pediatric form of water-induced urticaria based on the provided context alone.",hcpc_v2,0.4926,True,0.4609,True,0.0486,9.1,pubmedqa,1.0,ollama,mistral
Are the long-term results of the transanal pull-through equal to those of the transabdominal pull-through?,"Our long-term study showed significantly better (2-fold) results regarding the continence score for the abdominal approach compared with the transanal pull-through. The stool pattern and enterocolitis scores were somewhat better for the TERPT group. These findings raise an important issue about the current surgical management of HD; however, more cases will need to be studied before a definitive conclusion can be drawn."," The text does not provide specific long-term outcome comparisons between the transanal endorectal pull-through (TERPT) and conventional transabdominal (ABD) pull-through for Hirschsprung disease. However, it mentions that this study examined their long-term outcomes, so further information about the comparison may be found elsewhere in the source but is not present in the provided context.",baseline,0.5606,False,0.3949,False,-1.0,7.46,pubmedqa,1.0,ollama,mistral
Are the long-term results of the transanal pull-through equal to those of the transabdominal pull-through?,"Our long-term study showed significantly better (2-fold) results regarding the continence score for the abdominal approach compared with the transanal pull-through. The stool pattern and enterocolitis scores were somewhat better for the TERPT group. These findings raise an important issue about the current surgical management of HD; however, more cases will need to be studied before a definitive conclusion can be drawn."," I cannot find this information in the provided context to definitively say if the long-term results are equal for both methods. However, it is indicated that there were differences between groups regarding peritoneal opening, operative time, and blood loss. This suggests that one method may have better or worse outcomes overall, but the study does not directly compare their long-term results in this context.",hcpc_v1,0.5784,False,0.4468,False,-1.0,4.89,pubmedqa,1.0,ollama,mistral
Are the long-term results of the transanal pull-through equal to those of the transabdominal pull-through?,"Our long-term study showed significantly better (2-fold) results regarding the continence score for the abdominal approach compared with the transanal pull-through. The stool pattern and enterocolitis scores were somewhat better for the TERPT group. These findings raise an important issue about the current surgical management of HD; however, more cases will need to be studied before a definitive conclusion can be drawn."," I cannot find a direct comparison of the long-term results between the transanal pull-through (TERPT) and the transabdominal pull-through (ABD) in the provided context. However, the text does mention that this study examined the long-term outcome of TERPT versus conventional transabdominal pull-through for Hirschsprung disease, suggesting that there might be data about the comparison but it's not clear from the information given whether there is a significant difference or not.",hcpc_v2,0.5536,False,0.3949,True,0.3376,8.61,pubmedqa,1.0,ollama,mistral
Can tailored interventions increase mammography use among HMO women?,"The effects of the intervention were most pronounced after the first intervention. Compared to usual care, telephone counseling seemed particularly effective at promoting change among nonadherent women, the group for whom the intervention was developed. These results suggest that telephone counseling, rather than tailored print, might be the preferred first-line intervention for getting nonadherent women on schedule for mammography screening. Many questions would have to be answered about why the tailored print intervention was not more powerful. Nevertheless, it is clear that additional interventions will be needed to maintain women's adherence to mammography. Medical Subject Headings (MeSH): mammography screening, telephone counseling, tailored print communications, barriers."," Yes, based on the provided context, it can be inferred that tailored telephone counseling increased mammography use among HMO (Health Maintenance Organization) women compared to usual care alone. However, it was more effective than tailored print materials only after the first year of intervention (during 1996).",baseline,0.6064,False,0.5218,False,-1.0,6.84,pubmedqa,1.0,ollama,mistral
Can tailored interventions increase mammography use among HMO women?,"The effects of the intervention were most pronounced after the first intervention. Compared to usual care, telephone counseling seemed particularly effective at promoting change among nonadherent women, the group for whom the intervention was developed. These results suggest that telephone counseling, rather than tailored print, might be the preferred first-line intervention for getting nonadherent women on schedule for mammography screening. Many questions would have to be answered about why the tailored print intervention was not more powerful. Nevertheless, it is clear that additional interventions will be needed to maintain women's adherence to mammography. Medical Subject Headings (MeSH): mammography screening, telephone counseling, tailored print communications, barriers."," Yes, the context suggests that tailored telephone counseling may increase mammography use among women in the context of a study, but it does not directly address the question for HMO (Health Maintenance Organization) women specifically. However, without more context or specific studies about HMO women, I cannot definitively say whether tailored interventions would have the same effect on HMO women as in the provided study.",hcpc_v1,0.4955,True,0.5447,False,-1.0,5.12,pubmedqa,1.0,ollama,mistral
Can tailored interventions increase mammography use among HMO women?,"The effects of the intervention were most pronounced after the first intervention. Compared to usual care, telephone counseling seemed particularly effective at promoting change among nonadherent women, the group for whom the intervention was developed. These results suggest that telephone counseling, rather than tailored print, might be the preferred first-line intervention for getting nonadherent women on schedule for mammography screening. Many questions would have to be answered about why the tailored print intervention was not more powerful. Nevertheless, it is clear that additional interventions will be needed to maintain women's adherence to mammography. Medical Subject Headings (MeSH): mammography screening, telephone counseling, tailored print communications, barriers."," Yes, based on the provided context, tailored telephone counseling has been shown to promote a significantly higher proportion of women from a health maintenance organization (HMO) having mammograms on schedule compared to usual care and tailored print materials. Therefore, it can be inferred that tailored interventions might increase mammography use among HMO women. However, the study specifically refers to telephone counseling and not general tailored interventions.",hcpc_v2,0.7493,False,0.522,True,0.2474,8.06,pubmedqa,1.0,ollama,mistral
Double balloon enteroscopy: is it efficacious and safe in a community setting?,"DBE appears to be equally safe and effective when performed in the community setting as compared to a tertiary referral center with a comparable yield, efficacy, and complication rate."," The provided context does not mention the efficacy or safety of double balloon enteroscopy (DBE) in a community setting. It only provides information about DBE procedures performed from March 2007 to January 2011, their indications, the number of patients, and some procedural details. No information is given about DBE's performance or outcomes in a community setting.",baseline,0.7731,False,0.3262,False,-1.0,8.99,pubmedqa,1.0,ollama,mistral
Double balloon enteroscopy: is it efficacious and safe in a community setting?,"DBE appears to be equally safe and effective when performed in the community setting as compared to a tertiary referral center with a comparable yield, efficacy, and complication rate."," The provided context does not directly state whether double-balloon enteroscopy (DBE) is efficacious and safe in a community setting. However, it mentions that DBE was used prior to evaluation in 43 of 66 patients without any apparent complications during the process mentioned (Video-capsule endoscopy). Therefore, based on this information, one might infer that DBE can be considered safe, but efficacy in a community setting is not explicitly stated.",hcpc_v1,0.5848,False,0.3559,False,-1.0,6.22,pubmedqa,1.0,ollama,mistral
Double balloon enteroscopy: is it efficacious and safe in a community setting?,"DBE appears to be equally safe and effective when performed in the community setting as compared to a tertiary referral center with a comparable yield, efficacy, and complication rate."," The provided context does not contain information about the efficacy and safety of double balloon enteroscopy in a community setting. It only provides details regarding its use, indications, procedures, and outcomes in a specific timeframe at an unspecified location.",hcpc_v2,0.7645,False,0.3257,True,0.1891,7.62,pubmedqa,1.0,ollama,mistral
30-Day and 1-year mortality in emergency general surgery laparotomies: an area of concern and need for improvement?,"Emergency laparotomy carries a high rate of mortality, especially in those over the age of 70 years, and more needs to be done to improve outcomes, particularly in this group. This could involve increasing acute surgical care manpower, early recognition of patients requiring emergency surgery, development of clear management protocols for such patients or perhaps even considering centralisation of emergency surgical services to specialist centres with multidisciplinary teams involving emergency surgeons and care of the elderly physicians in hospital and related community outreach services for post-discharge care."," Yes, based on the provided context, 30-day and 1-year mortality in emergency general surgery laparotomies are areas of concern as suggested by higher rates compared to non-emergency cases. The 30-day mortality was found to be 12.4% for those aged under 70 years and 22% for those aged over 70 years, while the 1-year mortality was 25.15% for those aged under 70 years and 38% for those aged over 70 years.",baseline,0.6813,False,0.5245,False,-1.0,10.17,pubmedqa,1.0,ollama,mistral
30-Day and 1-year mortality in emergency general surgery laparotomies: an area of concern and need for improvement?,"Emergency laparotomy carries a high rate of mortality, especially in those over the age of 70 years, and more needs to be done to improve outcomes, particularly in this group. This could involve increasing acute surgical care manpower, early recognition of patients requiring emergency surgery, development of clear management protocols for such patients or perhaps even considering centralisation of emergency surgical services to specialist centres with multidisciplinary teams involving emergency surgeons and care of the elderly physicians in hospital and related community outreach services for post-discharge care."," Yes, according to the provided context, 30-day and 1-year mortality in emergency general surgery laparotomies is indeed an area of concern, with 30-day mortality being 12.4% for those aged under 70 years and 22% for those aged over 70 years, and 1-year mortality being 25.15% for those under 70 years and 38% for those over 70 years. The study suggests the need for improvement in this area to reduce mortality rates.",hcpc_v1,0.6513,False,0.5685,False,-1.0,6.84,pubmedqa,1.0,ollama,mistral
30-Day and 1-year mortality in emergency general surgery laparotomies: an area of concern and need for improvement?,"Emergency laparotomy carries a high rate of mortality, especially in those over the age of 70 years, and more needs to be done to improve outcomes, particularly in this group. This could involve increasing acute surgical care manpower, early recognition of patients requiring emergency surgery, development of clear management protocols for such patients or perhaps even considering centralisation of emergency surgical services to specialist centres with multidisciplinary teams involving emergency surgeons and care of the elderly physicians in hospital and related community outreach services for post-discharge care."," Yes, according to the provided context, 30-day and 1-year mortality in emergency general surgery laparotomies are areas of concern. The study showed a 30-day mortality rate of 12.4% for patients under 70 years and 22% for those over 70 years, with a 1-year mortality rate of 25.15% for patients under 70 years and 38% for those over 70 years.",hcpc_v2,0.6212,False,0.5245,True,0.3144,7.69,pubmedqa,1.0,ollama,mistral
Is adjustment for reporting heterogeneity necessary in sleep disorders?,"Sleep disorders are common in the general adult population of Japan. Correction for reporting heterogeneity using anchoring vignettes is not a necessary tool for proper management of sleep and energy related problems among Japanese adults. Older age, gender differences in communicating sleep-related problems, the presence of multiple morbidities, and regular exercise should be the focus of policies and clinical practice to improve sleep and energy management in Japan."," Based on the provided context, the research suggests that adjusting for reporting heterogeneity is necessary to accurately evaluate factors associated with sleep disorders in adult Japanese. This conclusion is drawn from the investigation of a dataset where the ordered probit model and the Compound Hierarchical Ordered Probit (CHOPIT) model, which incorporates anchoring vignettes, were used to compare associations of sleep and energy with socio-demographic and lifestyle factors before and after adjustment for differences in response category cut-points for each individual.",baseline,0.5508,False,0.5493,False,-1.0,8.37,pubmedqa,1.0,ollama,mistral
Is adjustment for reporting heterogeneity necessary in sleep disorders?,"Sleep disorders are common in the general adult population of Japan. Correction for reporting heterogeneity using anchoring vignettes is not a necessary tool for proper management of sleep and energy related problems among Japanese adults. Older age, gender differences in communicating sleep-related problems, the presence of multiple morbidities, and regular exercise should be the focus of policies and clinical practice to improve sleep and energy management in Japan."," Yes, according to the provided context, adjustment for reporting heterogeneity is necessary in sleep disorders research as it is a factor associated with greater severity of sleep-related problems.",hcpc_v1,0.5242,False,0.5627,False,-1.0,2.56,pubmedqa,1.0,ollama,mistral
Is adjustment for reporting heterogeneity necessary in sleep disorders?,"Sleep disorders are common in the general adult population of Japan. Correction for reporting heterogeneity using anchoring vignettes is not a necessary tool for proper management of sleep and energy related problems among Japanese adults. Older age, gender differences in communicating sleep-related problems, the presence of multiple morbidities, and regular exercise should be the focus of policies and clinical practice to improve sleep and energy management in Japan."," The provided context discusses a study that investigates the need for adjusting for reporting heterogeneity in self-reports related to sleep and energy problems in Japan. Therefore, it suggests that adjustment for reporting heterogeneity is being considered necessary in this context.",hcpc_v2,0.5914,False,0.5493,True,0.2002,5.39,pubmedqa,1.0,ollama,mistral
Do mutations causing low HDL-C promote increased carotid intima-media thickness?,Genetic variants identified in the present study may be insufficient to promote early carotid atherosclerosis., I cannot find this information in the provided context. The text does not provide specific evidence to support or refute that mutations causing low HDL-C promote increased carotid intima-media thickness.,baseline,0.4835,True,0.4327,False,-1.0,6.78,pubmedqa,1.0,ollama,mistral
Do mutations causing low HDL-C promote increased carotid intima-media thickness?,Genetic variants identified in the present study may be insufficient to promote early carotid atherosclerosis.," I cannot find this information in the provided context. The context discusses research regarding mutations and their relationship to atherosclerosis, elevated resting heart rate (RHR), visual acuity measurements, and casual high blood pressure. However, it does not directly state whether mutations causing low HDL-C promote increased carotid intima-media thickness.",hcpc_v1,0.6193,False,0.452,False,-1.0,5.51,pubmedqa,1.0,ollama,mistral
Do mutations causing low HDL-C promote increased carotid intima-media thickness?,Genetic variants identified in the present study may be insufficient to promote early carotid atherosclerosis., I cannot find this information in the provided context. The context does not mention any direct correlation between mutations causing low HDL-C and increased carotid intima-media thickness.,hcpc_v2,0.5395,False,0.432,True,0.2474,6.09,pubmedqa,1.0,ollama,mistral
A short stay or 23-hour ward in a general and academic children's hospital: are they effective?,This data demonstrates the robust nature of the short stay ward. At these two very different institutions we have shown improved bed efficient and patient care in a cost-effective way. We have also reported on greater parental satisfaction and early return of the child with their family to the community.," Yes, according to the provided context, a short stay or 23-hour ward in both Westmead Hospital and The New Children's Hospital was found to be effective. This is indicated by various factors such as increased hospital efficiency due to shorter average length of stay, low rates of patient admission to an in-hospital bed, low rates of unscheduled visits within 72 hours of discharge, high parental satisfaction, and significant estimated savings for the hospitals.",baseline,0.5997,False,0.7454,False,-1.0,9.24,pubmedqa,1.0,ollama,mistral
A short stay or 23-hour ward in a general and academic children's hospital: are they effective?,This data demonstrates the robust nature of the short stay ward. At these two very different institutions we have shown improved bed efficient and patient care in a cost-effective way. We have also reported on greater parental satisfaction and early return of the child with their family to the community.," Yes, based on the provided context, the short stay or 23-hour ward appears to be effective as it increased hospital efficiency by reducing the average length of stay for admissions. Additionally, there were no adverse events reported, and parental satisfaction was high. The number of unscheduled visits within 72 hours of discharge was also low.",hcpc_v1,0.595,False,0.7697,False,-1.0,4.06,pubmedqa,1.0,ollama,mistral
A short stay or 23-hour ward in a general and academic children's hospital: are they effective?,This data demonstrates the robust nature of the short stay ward. At these two very different institutions we have shown improved bed efficient and patient care in a cost-effective way. We have also reported on greater parental satisfaction and early return of the child with their family to the community.," Based on the provided context, it can be inferred that a short stay or 23-hour ward in both the general (Westmead Hospital) and academic (The New Children's Hospital) pediatric units appears to be effective. This conclusion is supported by various factors such as increased hospital efficiency due to shorter average length of stay, low rates of patient admission to an in-hospital bed and unscheduled visits within 72 hours of discharge, high parental satisfaction, and estimated significant savings for the hospitals. However, it's essential to note that the effectiveness may vary depending on the specific circumstances and individual cases not outlined in the provided context.",hcpc_v2,0.5289,False,0.7454,False,0.7455,7.2,pubmedqa,1.0,ollama,mistral
Did Chile's traffic law reform push police enforcement?,"Findings suggest that traffic law reforms in order to have an effect on both traffic fatality and injury rates reduction require changes in police enforcement practices. Last, this case also illustrates how the diffusion of successful road safety practices globally promoted by WHO and World Bank can be an important influence for enhancing national road safety practices."," Based on the provided context, there is no information available to definitively answer whether Chile's traffic law reform pushed police enforcement. However, the study does suggest a significant association between the traffic law reform and an increase in police traffic enforcement, as indicated by the number of traffic tickets per police officer.",baseline,0.468,True,0.4542,False,-1.0,5.97,pubmedqa,1.0,ollama,mistral
Did Chile's traffic law reform push police enforcement?,"Findings suggest that traffic law reforms in order to have an effect on both traffic fatality and injury rates reduction require changes in police enforcement practices. Last, this case also illustrates how the diffusion of successful road safety practices globally promoted by WHO and World Bank can be an important influence for enhancing national road safety practices."," Based on the provided context, the information suggests that there was an increase in police traffic enforcement after the introduction of Chile's 2005 traffic law. However, it does not explicitly state that the traffic law reform pushed police enforcement. The context indicates that the enactment of the traffic law and the number of traffic tickets per police officer were significantly associated with a decrease in traffic fatalities and severe injuries.",hcpc_v1,0.5667,False,0.4955,False,-1.0,4.96,pubmedqa,1.0,ollama,mistral
Did Chile's traffic law reform push police enforcement?,"Findings suggest that traffic law reforms in order to have an effect on both traffic fatality and injury rates reduction require changes in police enforcement practices. Last, this case also illustrates how the diffusion of successful road safety practices globally promoted by WHO and World Bank can be an important influence for enhancing national road safety practices."," The provided context does not clearly indicate that Chile's traffic law reform pushed police enforcement. However, it does suggest that the traffic law reform was followed by an increase in police traffic enforcement, as indicated by the number of traffic tickets per police officer being one of the independent variables in the study.",hcpc_v2,0.4997,True,0.453,True,0.2486,5.58,pubmedqa,1.0,ollama,mistral
Therapeutic anticoagulation in the trauma patient: is it safe?,"Trauma patients have a significant complication rate related to anticoagulation therapy, and predicting which patients will develop a complication remains unclear. Prospective studies are needed to determine which treatment regimen, if any, is appropriate to safely anticoagulate this high risk population."," Based on the provided context, therapeutic anticoagulation in trauma patients is not necessarily safe, as 21% of the trauma patients who received therapeutic anticoagulation experienced complications. The most common complication was a sudden drop in hemoglobin concentration requiring blood transfusion. However, it's important to note that the study also identifies factors associated with these complications, such as chronic obstructive pulmonary disease, UH use, and lower initial platelet count.",baseline,0.6086,False,0.5645,False,-1.0,9.5,pubmedqa,1.0,ollama,mistral
Therapeutic anticoagulation in the trauma patient: is it safe?,"Trauma patients have a significant complication rate related to anticoagulation therapy, and predicting which patients will develop a complication remains unclear. Prospective studies are needed to determine which treatment regimen, if any, is appropriate to safely anticoagulate this high risk population."," Based on the provided context, therapeutic anticoagulation in trauma patients does not appear to be completely safe. The study indicates that 21% of the trauma patients who received therapeutic anticoagulation experienced complications, and 4% (5 patients) died due to significant hemorrhage attributed to anticoagulation. However, the context does not provide information on the total number of patients treated with therapeutic anticoagulation in order to definitively determine its safety.",hcpc_v1,0.3893,True,0.5845,False,-1.0,5.95,pubmedqa,1.0,ollama,mistral
Therapeutic anticoagulation in the trauma patient: is it safe?,"Trauma patients have a significant complication rate related to anticoagulation therapy, and predicting which patients will develop a complication remains unclear. Prospective studies are needed to determine which treatment regimen, if any, is appropriate to safely anticoagulate this high risk population."," Based on the provided context, therapeutic anticoagulation in trauma patients does not appear to be completely safe. The study mentions that 21% of trauma patients who received therapeutic anticoagulation experienced at least one complication, and three of those patients died as a result of significant hemorrhage attributed to anticoagulation. However, the context does not provide enough information to definitively say whether or not it is safe in all cases.",hcpc_v2,0.4476,True,0.5655,True,0.2855,8.11,pubmedqa,1.0,ollama,mistral
Differentiation of nonalcoholic from alcoholic steatohepatitis: are routine laboratory markers useful?,"Higher MCVs and AST/ALT ratios in ASH reflect the severity of underlying liver disease and do not differentiate NASH from ASH. Instead, these biomarkers might prove useful in guiding selection of patients for liver biopsy and in targeting therapy."," Yes, according to the provided context, routine laboratory markers do seem to be useful in differentiating nonalcoholic (NASH) from alcoholic steatohepatitis (ASH). Specifically, the Mean Corpuscular Volume (MCV), the AST/ALT ratio, and sex were identified as relevant regressors with an area under the receiver operating characteristic curve (aROC) of 0.92.",baseline,0.4778,True,0.4617,False,-1.0,9.4,pubmedqa,1.0,ollama,mistral
Differentiation of nonalcoholic from alcoholic steatohepatitis: are routine laboratory markers useful?,"Higher MCVs and AST/ALT ratios in ASH reflect the severity of underlying liver disease and do not differentiate NASH from ASH. Instead, these biomarkers might prove useful in guiding selection of patients for liver biopsy and in targeting therapy."," Based on the provided context, it appears that routine laboratory parameters do not seem to be particularly useful in differentiating Nonalcoholic Steatohepatitis (NASH) from Alcoholic Steatohepatitis (ASH). This is because the text states that liver function parameters such as prothrombin time, factor V, bilirubin clearance did not differ significantly between NASH and ASH. However, it's important to note that this conclusion is drawn only from the specific laboratory parameters mentioned in the context and not all possible markers.",hcpc_v1,0.4332,True,0.4882,False,-1.0,6.55,pubmedqa,1.0,ollama,mistral
Differentiation of nonalcoholic from alcoholic steatohepatitis: are routine laboratory markers useful?,"Higher MCVs and AST/ALT ratios in ASH reflect the severity of underlying liver disease and do not differentiate NASH from ASH. Instead, these biomarkers might prove useful in guiding selection of patients for liver biopsy and in targeting therapy."," Yes, routine laboratory markers appear to be useful for differentiating nonalcoholic steatohepatitis (NASH) from alcoholic steatohepatitis (ASH). The context mentions that the MCV (mean corpuscular volume), the AST/ALT ratio, and sex were found to be relevant regressors, with an area under the receiver operating characteristic curve (aROC) of 0.92, suggesting a high degree of accuracy in differentiating between the two conditions.",hcpc_v2,0.5409,False,0.4614,True,0.3454,10.84,pubmedqa,1.0,ollama,mistral
Prompting Primary Care Providers about Increased Patient Risk As a Result of Family History: Does It Work?,"No change occurred upon instituting simple, at-the-visit family history prompts geared to improve PCPs' ability to identify patients at high risk for 6 common conditions. The results are both surprising and disappointing. Further studies should examine physicians' perception of the utility of prompts for family history risk."," Yes, prompting primary care providers about increased patient risk as a result of family history was implemented in the study. However, the context does not provide clear evidence that this strategy significantly changed provider behavior or improved patient screening status for any of the six diseases in question.",baseline,0.7213,False,0.5966,False,-1.0,6.65,pubmedqa,1.0,ollama,mistral
Prompting Primary Care Providers about Increased Patient Risk As a Result of Family History: Does It Work?,"No change occurred upon instituting simple, at-the-visit family history prompts geared to improve PCPs' ability to identify patients at high risk for 6 common conditions. The results are both surprising and disappointing. Further studies should examine physicians' perception of the utility of prompts for family history risk."," Yes, according to the provided context, prompting primary care providers (PCPs) about increased patient risk as a result of family history does work. The study shows that PCP responses were recorded in 53.5% of the visits where the prompts were implemented, and these prompts often led to discussing family history (22.9%) or even ordering tests/referrals (0.7%). However, it's important to note that this study did not directly compare these methods to a high-quality usual care system for enhancing screening effectiveness.",hcpc_v1,0.563,False,0.5793,False,-1.0,6.52,pubmedqa,1.0,ollama,mistral
Prompting Primary Care Providers about Increased Patient Risk As a Result of Family History: Does It Work?,"No change occurred upon instituting simple, at-the-visit family history prompts geared to improve PCPs' ability to identify patients at high risk for 6 common conditions. The results are both surprising and disappointing. Further studies should examine physicians' perception of the utility of prompts for family history risk."," Yes, prompting primary care providers about increased patient risk as a result of family history was implemented in the study, but according to the provided context, there was no significant change in problem summary list documentation of risk status or screening interventions for any of the 6 diseases.",hcpc_v2,0.2147,True,0.5972,True,0.3458,4.8,pubmedqa,1.0,ollama,mistral
Do emergency ultrasound fellowship programs impact emergency medicine residents' ultrasound education?,Emergency US fellowship programs had a positive impact on residents' US educational experiences. Emergency medicine residents performed more scans overall and also used bedside US for more advanced applications in programs with EUS fellowships.," Yes, according to the provided context, emergency ultrasound fellowship programs do seem to impact emergency medicine (EM) residents' ultrasound education. Residents in programs with EUS fellowships reported performing more scans and having significant differences in most applications of bedside US compared to those in programs without fellowships.",baseline,0.7473,False,0.5411,False,-1.0,7.12,pubmedqa,1.0,ollama,mistral
Do emergency ultrasound fellowship programs impact emergency medicine residents' ultrasound education?,Emergency US fellowship programs had a positive impact on residents' US educational experiences. Emergency medicine residents performed more scans overall and also used bedside US for more advanced applications in programs with EUS fellowships.," I cannot find specific evidence in the provided context that states emergency ultrasound fellowship programs enhance residents' ultrasound (US) educational experiences. However, it does suggest significant differences were noted in most applications of bedside US between residency programs with and without fellowships, but the question is more about the impact rather than differences.",hcpc_v1,0.4937,True,0.5521,False,-1.0,4.36,pubmedqa,1.0,ollama,mistral
Do emergency ultrasound fellowship programs impact emergency medicine residents' ultrasound education?,Emergency US fellowship programs had a positive impact on residents' US educational experiences. Emergency medicine residents performed more scans overall and also used bedside US for more advanced applications in programs with EUS fellowships.," Yes, according to the context provided, there is an indication that emergency ultrasound (EUS) fellowship programs may impact emergency medicine (EM) residents' ultrasound education. Residents in programs with EUS fellowships reported performing more scans than those in programs without fellowships, and significant differences were noted in most applications of bedside US between residency programs with and without fellowships. However, it's important to note that the study also mentions there is no evidence supporting that EUS fellowships enhance residents' ultrasound educational experiences overall.",hcpc_v2,0.6783,False,0.5398,True,0.2159,8.2,pubmedqa,1.0,ollama,mistral
Patient-Controlled Therapy of Breathlessness in Palliative Care: A New Therapeutic Concept for Opioid Administration?,Opioid PCT is a feasible and acceptable therapeutic method to reduce refractory breathlessness in palliative care patients.," Based on the provided context, it appears that the study does suggest a potential new therapeutic concept for opioid administration in managing breathlessness in patients with advanced disease. However, it is important to note that this is a pilot observational study and further research may be needed to confirm these findings in a larger population.",baseline,0.5778,False,0.5372,False,-1.0,8.72,pubmedqa,1.0,ollama,mistral
Patient-Controlled Therapy of Breathlessness in Palliative Care: A New Therapeutic Concept for Opioid Administration?,Opioid PCT is a feasible and acceptable therapeutic method to reduce refractory breathlessness in palliative care patients.," Based on the provided context, the statement ""Patient-Controlled Therapy of Breathlessness in Palliative Care: A New Therapeutic Concept for Opioid Administration?"" could be somewhat accurate. However, it's important to note that while the context mentions a pilot study investigating opioid Patient-Controlled Therapy (PCT) for breathlessness management, it does not explicitly state that this is a new therapeutic concept for opioid administration in palliative care. Further research may be needed to confirm its novelty and widespread applicability.",hcpc_v1,0.5603,False,0.5627,False,-1.0,7.72,pubmedqa,1.0,ollama,mistral
Patient-Controlled Therapy of Breathlessness in Palliative Care: A New Therapeutic Concept for Opioid Administration?,Opioid PCT is a feasible and acceptable therapeutic method to reduce refractory breathlessness in palliative care patients.," Based on the provided context, it appears that the study was investigating the use of patient-controlled therapy (PCT) specifically for breathlessness control in patients with advanced disease. The study found that opioid PCT can effectively reduce breathlessness and is feasible and acceptable to patients. However, the context does not indicate that this is a completely new therapeutic concept for opioid administration in palliative care as it mentions that provider-controlled drug administration has been described before. But it seems to be a new method for specifically controlling breathlessness symptoms.",hcpc_v2,0.6068,False,0.5367,True,0.4223,10.3,pubmedqa,1.0,ollama,mistral
Is there still a need for living-related liver transplantation in children?,"The short- and long-term outcomes after LRT and SLT did not differ significantly. To avoid the risk for the donor in LRT, SLT represents the first-line therapy in pediatric liver transplantation in countries where cadaveric organs are available. LRT provides a solution for urgent cases in which a cadaveric graft cannot be found in time or if the choice of the optimal time point for transplantation is vital."," The provided context does not directly address or imply whether there is still a need for living-related liver transplantation (LRT) in children. The context discusses outcomes between split-liver transplantation (SLT) and LRT in adults, but no information about LRT specifically in children is given.",baseline,0.4575,True,0.4627,False,-1.0,8.55,pubmedqa,1.0,ollama,mistral
Is there still a need for living-related liver transplantation in children?,"The short- and long-term outcomes after LRT and SLT did not differ significantly. To avoid the risk for the donor in LRT, SLT represents the first-line therapy in pediatric liver transplantation in countries where cadaveric organs are available. LRT provides a solution for urgent cases in which a cadaveric graft cannot be found in time or if the choice of the optimal time point for transplantation is vital."," I cannot find this information in the provided context. The text only discusses liver transplantations (SLT and LRT) in adults, not specifically in children.",hcpc_v1,0.5391,False,0.4706,False,-1.0,3.15,pubmedqa,1.0,ollama,mistral
Is there still a need for living-related liver transplantation in children?,"The short- and long-term outcomes after LRT and SLT did not differ significantly. To avoid the risk for the donor in LRT, SLT represents the first-line therapy in pediatric liver transplantation in countries where cadaveric organs are available. LRT provides a solution for urgent cases in which a cadaveric graft cannot be found in time or if the choice of the optimal time point for transplantation is vital."," The context provided does not specify whether or not living-related liver transplantation (LRT) is still necessary in children. The information presented pertains to adult patients undergoing both split-liver transplantation (SLT) and LRT, but there is no mention of pediatric cases. Therefore, I cannot find this information in the provided context regarding LRT in children.",hcpc_v2,0.5734,False,0.4627,True,0.3454,9.25,pubmedqa,1.0,ollama,mistral
Do patterns of knowledge and attitudes exist among unvaccinated seniors?,Findings suggest that cluster analyses may be useful in identifying groups for targeted health messages.," Yes, according to the provided context, patterns of knowledge and attitudes do exist among unvaccinated seniors aged 65 years or older. The seniors were clustered into four groups based on their immunization-related knowledge and attitudes. These clusters are: Potentials, Fearful Uninformeds, Doubters, and Misinformeds.",baseline,0.8072,False,0.4733,False,-1.0,7.32,pubmedqa,1.0,ollama,mistral
Do patterns of knowledge and attitudes exist among unvaccinated seniors?,Findings suggest that cluster analyses may be useful in identifying groups for targeted health messages.," Yes, according to the provided context, patterns of knowledge and attitudes exist among unvaccinated seniors. They were clustered into four distinct groups: Potentials, Fearful Uninformeds, Doubters, and Misinformeds.",hcpc_v1,0.6985,False,0.4895,False,-1.0,4.14,pubmedqa,1.0,ollama,mistral
Do patterns of knowledge and attitudes exist among unvaccinated seniors?,Findings suggest that cluster analyses may be useful in identifying groups for targeted health messages.," Yes, patterns of knowledge and attitudes exist among unvaccinated seniors as indicated in the first part of the context where clusters were identified among unvaccinated seniors based on their immunization related knowledge and attitudes.",hcpc_v2,0.7456,False,0.4733,True,0.344,4.65,pubmedqa,1.0,ollama,mistral
Is there a model to teach and practice retroperitoneoscopic nephrectomy?,RPN in a porcine model is feasible and could be very useful for teaching and practicing retroperitoneoscopy.," Yes, according to the provided context, there is a model developed for teaching and practicing retroperitoneoscopic nephrectomy (RPN). This was established through the performance of RPN procedures on fifteen piglets. The experimental learning curve suggested that eight cases were required after statistical data analysis.",baseline,0.6558,False,0.5035,False,-1.0,7.35,pubmedqa,1.0,ollama,mistral
Is there a model to teach and practice retroperitoneoscopic nephrectomy?,RPN in a porcine model is feasible and could be very useful for teaching and practicing retroperitoneoscopy.," Yes, there is a model developed to teach and practice retroperitoneoscopic nephrectomy. The model uses fifteen piglets for training purposes.",hcpc_v1,0.6173,False,0.5595,False,-1.0,3.31,pubmedqa,1.0,ollama,mistral
Is there a model to teach and practice retroperitoneoscopic nephrectomy?,RPN in a porcine model is feasible and could be very useful for teaching and practicing retroperitoneoscopy.," Yes, according to the provided context, a model for teaching and practicing retroperitoneoscopic nephrectomy (RPN) has been developed in a porcine model. The study mentions that fifteen piglets were operated on to establish this standard RPN training model.",hcpc_v2,0.6593,False,0.5031,True,0.2939,7.18,pubmedqa,1.0,ollama,mistral
Cardiovascular risk in a rural adult West African population: is resting heart rate also relevant?,Significant associations were observed between RHR and several established cardiovascular risk factors. Prospective studies are needed in sub-Saharan African populations to establish the potential value of RHR in cardiovascular risk assessment.," Yes, resting heart rate (RHR) is relevant to cardiovascular risk in a rural adult West African population as stated in the context of the provided study. The study found that 19% of participants had an elevated RHR, which was significantly associated with age, waist circumference, and blood pressure. Individuals with an elevated RHR had a higher risk of casual high blood pressure compared to participants with normal RHR independently of several established cardiovascular disease (CVD) risk factors.",baseline,0.7408,False,0.5505,False,-1.0,8.88,pubmedqa,1.0,ollama,mistral
Cardiovascular risk in a rural adult West African population: is resting heart rate also relevant?,Significant associations were observed between RHR and several established cardiovascular risk factors. Prospective studies are needed in sub-Saharan African populations to establish the potential value of RHR in cardiovascular risk assessment.," Yes, according to the provided context, resting heart rate (RHR) is indeed relevant when considering cardiovascular risk in a rural adult West African population. The study found that 19% of participants had an elevated RHR (>90 bpm), and RHR was significantly associated with age, waist circumference, and blood pressure, which are all known risk factors for cardiovascular disease (CVD). Furthermore, 79% of the study participants were found to have at least one CVD risk factor.",hcpc_v1,0.6165,False,0.5742,False,-1.0,5.87,pubmedqa,1.0,ollama,mistral
Cardiovascular risk in a rural adult West African population: is resting heart rate also relevant?,Significant associations were observed between RHR and several established cardiovascular risk factors. Prospective studies are needed in sub-Saharan African populations to establish the potential value of RHR in cardiovascular risk assessment.," Yes, resting heart rate (RHR) is relevant to cardiovascular risk in a rural adult West African population as it has been identified as an independent predictor of casual high blood pressure. The study found that 19% of participants had an elevated RHR (>90 bpm), and individuals with an elevated RHR had a higher risk of casual high blood pressure (OR 1.94) compared to those with normal RHR, independently of several established cardiovascular disease (CVD) risk factors.",hcpc_v2,0.6184,False,0.5492,True,0.3774,7.67,pubmedqa,1.0,ollama,mistral
Israeli hospital preparedness for terrorism-related multiple casualty incidents: can the surge capacity and injury severity distribution be better predicted?,Hospital preparedness can be better defined by a fixed number of casualties rather than a percentile of its bed capacity. Only 20% of the arriving casualties will require immediate medical treatment. Implementation of this concept may improve the utilisation of national emergency health resources both in the preparation phase and on real time.," Based on the provided context, it is stated that a key of 20 percent of each hospital's bed capacity in Israel is set aside for multiple casualties. The study evaluates the efficacy of this readiness guideline by examining HMCIs recorded between November 2000 and June 2003. However, the context does not provide information on whether or not the surge capacity and injury severity distribution can be better predicted in terrorism-related multiple casualty incidents.",baseline,0.5561,False,0.557,False,-1.0,9.05,pubmedqa,1.0,ollama,mistral
Israeli hospital preparedness for terrorism-related multiple casualty incidents: can the surge capacity and injury severity distribution be better predicted?,Hospital preparedness can be better defined by a fixed number of casualties rather than a percentile of its bed capacity. Only 20% of the arriving casualties will require immediate medical treatment. Implementation of this concept may improve the utilisation of national emergency health resources both in the preparation phase and on real time.," Based on the provided context, it appears that the study evaluates the efficacy of the current readiness guidelines for multiple casualties in Israeli hospitals, but it does not explicitly state whether or how well the surge capacity and injury severity distribution can be better predicted. However, it is important to note that the context does provide information on the definition of an HMCI and the outcome measures used in the study, which could potentially contribute to a better understanding or prediction of these factors.",hcpc_v1,0.5653,False,0.5462,False,-1.0,5.32,pubmedqa,1.0,ollama,mistral
Israeli hospital preparedness for terrorism-related multiple casualty incidents: can the surge capacity and injury severity distribution be better predicted?,Hospital preparedness can be better defined by a fixed number of casualties rather than a percentile of its bed capacity. Only 20% of the arriving casualties will require immediate medical treatment. Implementation of this concept may improve the utilisation of national emergency health resources both in the preparation phase and on real time.," Based on the provided context, it is not clear whether the surge capacity and injury severity distribution of Israel's hospitals in the face of terrorism-related multiple casualty incidents can be better predicted. The context primarily discusses a study evaluating the efficacy of current readiness guidelines based on past HMCIs and does mention the range and median number of casualties per incident, but it does not provide information about whether the surge capacity or injury severity distribution can be improved upon or better predicted in future incidents.",hcpc_v2,0.3841,True,0.5639,True,0.366,8.16,pubmedqa,1.0,ollama,mistral
Acute respiratory distress syndrome in children with malignancy--can we predict outcome?,"Peak inspiratory pressure, PEEP, and ventilation index values could distinguish survivors from nonsurvivors by day 3. This may assist in early application of supportive nonconventional therapies in children with malignancy and ARDS."," I cannot find information about predicting the outcome of Acute Respiratory Distress Syndrome (ARDS) in children with malignancy from the provided context, as it pertains to a different study involving advanced disease in adults. The provided context only mentions that peak inspiratory pressure, positive end-expiratory pressure (PEEP), and ventilation index values could distinguish outcome by day 3, and a significant relationship between respiratory data and outcome related to efficiency of oxygenation was present from day 8 after onset of mechanical ventilation in children with malignancy and ARDS.",baseline,0.4781,True,0.5796,False,-1.0,12.01,pubmedqa,1.0,ollama,mistral
Acute respiratory distress syndrome in children with malignancy--can we predict outcome?,"Peak inspiratory pressure, PEEP, and ventilation index values could distinguish survivors from nonsurvivors by day 3. This may assist in early application of supportive nonconventional therapies in children with malignancy and ARDS."," The provided context does not directly state whether or not it is possible to predict the outcome for acute respiratory distress syndrome (ARDS) in children with malignancy. However, the study aims to delineate early respiratory predictors of mortality in such children who develop ARDS. So, while we don't have a clear answer yet about the predictability of the outcome, it seems that the study is investigating factors that might help predict the mortality rate for these patients.",hcpc_v1,0.5562,False,0.5889,False,-1.0,6.03,pubmedqa,1.0,ollama,mistral
Acute respiratory distress syndrome in children with malignancy--can we predict outcome?,"Peak inspiratory pressure, PEEP, and ventilation index values could distinguish survivors from nonsurvivors by day 3. This may assist in early application of supportive nonconventional therapies in children with malignancy and ARDS."," I cannot find this information in the provided context. The context only discusses the study of patients with hemato-oncology malignancy who developed acute respiratory distress syndrome (ARDS) and focuses on identifying early respiratory predictors of mortality, not on predicting outcome for those specific cases.",hcpc_v2,0.5089,False,0.5813,True,0.4223,7.8,pubmedqa,1.0,ollama,mistral
Secondhand smoke risk in infants discharged from an NICU: potential for significant health disparities?,"The most disadvantaged families were least likely to have protective health behaviors in place to reduce SHSe and, consequently, are most at-risk for tobacco exposure and subsequent tobacco-related health disparities. Innovative SHSe interventions for this vulnerable population are sorely needed."," Yes, based on the provided context, there is a potential for significant health disparities related to secondhand smoke (SHS) risk in infants discharged from an NICU. Families with lower income ($<25,000 annually) were less likely to have a total smoking ban in place compared to families with higher income (p<.01). Additionally, African American and Caucasian families were less likely to have a smoking ban compared with Hispanics (p<.05). Mothers who reported no smoking ban were more depressed than those who had a household smoking ban (p<.02), potentially impacting their ability or willingness to implement a ban.",baseline,0.5123,False,0.513,False,-1.0,11.73,pubmedqa,1.0,ollama,mistral
Secondhand smoke risk in infants discharged from an NICU: potential for significant health disparities?,"The most disadvantaged families were least likely to have protective health behaviors in place to reduce SHSe and, consequently, are most at-risk for tobacco exposure and subsequent tobacco-related health disparities. Innovative SHSe interventions for this vulnerable population are sorely needed."," Yes, based on the provided context, secondhand smoke risk in infants discharged from a NICU may show potential for significant health disparities, as there appears to be a correlation between lower income and less implementation of total smoking bans at home and in cars. However, it's important to note that this conclusion is drawn from the specific data presented in the context, and further research might be needed to confirm this trend or explore other factors influencing health disparities in these situations.",hcpc_v1,0.5293,False,0.5185,False,-1.0,5.6,pubmedqa,1.0,ollama,mistral
Secondhand smoke risk in infants discharged from an NICU: potential for significant health disparities?,"The most disadvantaged families were least likely to have protective health behaviors in place to reduce SHSe and, consequently, are most at-risk for tobacco exposure and subsequent tobacco-related health disparities. Innovative SHSe interventions for this vulnerable population are sorely needed."," Yes, there is potential for significant health disparities regarding secondhand smoke risk in infants discharged from an NICU. The context shows that lower-income families (earning less than $25,000 annually) are less likely to have a total smoking ban in place compared to higher-income families, and households without a smoking ban reported more depression among mothers. Additionally, African American and Caucasian families were less likely to have a smoking ban compared with Hispanics. This suggests that socioeconomic status, race, and mental health status may be related to secondhand smoke exposure and the implementation of household smoking bans.",hcpc_v2,0.513,False,0.513,True,0.1215,9.44,pubmedqa,1.0,ollama,mistral
Do nomograms designed to predict biochemical recurrence (BCR) do a better job of predicting more clinically relevant prostate cancer outcomes than BCR?,"Currently available nomograms used to predict BCR accurately predict PCSM and other more clinically relevant endpoints. Moreover, not only do they significantly predict PCSM, but do so with generally greater accuracy than BCR."," Yes, according to the provided context, the four postoperative nomograms (Duke Prostate Center nomogram, Kattan postoperative nomogram, Johns Hopkins Hospital nomogram, and joint Center for Prostate Disease Research/Cancer of the Prostate Strategic Urologic Research Endeavor nomogram) were found to predict prostate cancer-specific mortality (PCSM) more accurately than they predicted biochemical recurrence (BCR).",baseline,0.5635,False,0.6278,False,-1.0,8.68,pubmedqa,1.0,ollama,mistral
Do nomograms designed to predict biochemical recurrence (BCR) do a better job of predicting more clinically relevant prostate cancer outcomes than BCR?,"Currently available nomograms used to predict BCR accurately predict PCSM and other more clinically relevant endpoints. Moreover, not only do they significantly predict PCSM, but do so with generally greater accuracy than BCR."," Yes, according to the provided context, nomograms designed to predict biochemical recurrence (BCR) were found to predict more definitive endpoints such as Prostate Cancer-Specific Mortality (PCSM) more accurately than they predicted BCR.",hcpc_v1,0.6171,False,0.6251,False,-1.0,3.02,pubmedqa,1.0,ollama,mistral
Do nomograms designed to predict biochemical recurrence (BCR) do a better job of predicting more clinically relevant prostate cancer outcomes than BCR?,"Currently available nomograms used to predict BCR accurately predict PCSM and other more clinically relevant endpoints. Moreover, not only do they significantly predict PCSM, but do so with generally greater accuracy than BCR."," Yes, according to the context provided, it is stated that nomograms designed to predict biochemical recurrence (BCR) can predict more definitive endpoints, such as Prostate Cancer-Specific Mortality (PCSM), more accurately than they predict BCR. This is confirmed by the higher c-index values for PCSM predictions compared to BCR predictions, as mentioned in the context.",hcpc_v2,0.5971,False,0.626,True,0.3448,5.28,pubmedqa,1.0,ollama,mistral
Are reports of mechanical dysfunction in chronic oro-facial pain related to somatisation?,"Self-reported mechanical factors associated with chronic oro-facial pain are confounded, in part, by psychological factors and are equally common across other frequently unexplained syndromes. They may represent another feature of somatisation. Therefore the use of extensive invasive therapy such as occlusal adjustments and surgery to change mechanical factors may not be justified in many cases."," Based on the provided context, there is no direct evidence that suggests a definitive relationship between reports of mechanical dysfunction in chronic oro-facial pain and somatization. However, the text does indicate an association between certain mechanical factors (teeth grinding and facial trauma) and chronic oro-facial pain, as well as their common association with the reporting of other frequently unexplained syndromes. Somatization is a broader term that typically refers to the expression of physical symptoms without an obvious underlying medical cause, which could be related to psychological factors. While there seems to be a link between mechanical factors and chronic oro-facial pain in this study, the relationship to somatization requires further investigation beyond the provided context.",baseline,0.4899,True,0.585,False,-1.0,11.55,pubmedqa,1.0,ollama,mistral
Are reports of mechanical dysfunction in chronic oro-facial pain related to somatisation?,"Self-reported mechanical factors associated with chronic oro-facial pain are confounded, in part, by psychological factors and are equally common across other frequently unexplained syndromes. They may represent another feature of somatisation. Therefore the use of extensive invasive therapy such as occlusal adjustments and surgery to change mechanical factors may not be justified in many cases."," Yes, based on the provided context, it can be inferred that reports of mechanical dysfunctions like teeth grinding and facial trauma might be associated with somatization, as they are independently linked to chronic oro-facial pain after adjusting for psychological factors. However, the context does not explicitly state that these mechanical dysfunctions are definitively related to somatization.",hcpc_v1,0.4694,True,0.6155,False,-1.0,4.84,pubmedqa,1.0,ollama,mistral
Are reports of mechanical dysfunction in chronic oro-facial pain related to somatisation?,"Self-reported mechanical factors associated with chronic oro-facial pain are confounded, in part, by psychological factors and are equally common across other frequently unexplained syndromes. They may represent another feature of somatisation. Therefore the use of extensive invasive therapy such as occlusal adjustments and surgery to change mechanical factors may not be justified in many cases."," Based on the provided context, the information about somatization is not explicitly stated. However, since teeth grinding and facial trauma (mechanical factors) were associated with the reporting of other frequently unexplained syndromes, it could be inferred that there might be a connection to somatization. But without direct evidence or confirmation in the provided context, this answer should be considered tentative.",hcpc_v2,0.4861,True,0.5882,True,0.0699,7.59,pubmedqa,1.0,ollama,mistral
Amblyopia: is visual loss permanent?,Older people with a history of amblyopia who develop visual loss in the previously normal eye can experience recovery of visual function in the amblyopic eye over a period of time. This recovery in visual function occurs in the wake of visual loss in the fellow eye and the improvement appears to be sustained.," Based on the provided context, the article discusses improvements in visual acuity in patients with amblyopia as part of a study on age-related macular degeneration. The improvement in visual acuity occurred over a period of 12 months and remained stable over the follow-up period. While the text does not explicitly state that visual loss due to amblyopia is permanent, it does suggest that with proper treatment or management, improvements can be made. However, it's important to note that the context does not provide conclusive evidence on the reversibility of visual loss in all cases of amblyopia. For a definitive answer, you may want to consult further resources or a medical professional.",baseline,0.5011,False,0.5044,False,-1.0,11.51,pubmedqa,1.0,ollama,mistral
Amblyopia: is visual loss permanent?,Older people with a history of amblyopia who develop visual loss in the previously normal eye can experience recovery of visual function in the amblyopic eye over a period of time. This recovery in visual function occurs in the wake of visual loss in the fellow eye and the improvement appears to be sustained.," Based on the provided context, there is no explicit information stating that visual loss due to amblyopia is permanent. The context mentions that in some cases, improvements in visual acuity were observed in eyes with a history of amblyopia. However, it does not provide information about the long-term outcome for these individuals or whether vision can return to normal levels. For a definitive answer about the permanence of visual loss due to amblyopia, further research would be required.",hcpc_v1,0.423,True,0.6298,False,-1.0,6.44,pubmedqa,1.0,ollama,mistral
Amblyopia: is visual loss permanent?,Older people with a history of amblyopia who develop visual loss in the previously normal eye can experience recovery of visual function in the amblyopic eye over a period of time. This recovery in visual function occurs in the wake of visual loss in the fellow eye and the improvement appears to be sustained.," Based on the provided context, it is not explicitly stated whether the visual loss due to amblyopia is permanent or not. However, in the first text, it is mentioned that an improvement of one or more lines of visual acuity was recorded in some cases of amblyopic eyes, which might suggest that some degree of visual recovery is possible. But for a definitive answer about whether the visual loss due to amblyopia is permanent or not, additional context or information would be required.",hcpc_v2,0.5313,False,0.5044,True,0.6825,8.67,pubmedqa,1.0,ollama,mistral
Implementation of epidural analgesia for labor: is the standard of effective analgesia reachable in all women?,"Present audit shows that the process of implementation of labor analgesia was quick, successful and safe, notwithstanding the identification of one cluster of women with suboptimal response to epidural analgesia that need to be further studies, overall pregnant womens'adhesion to labor analgesia was satisfactory."," I cannot find this specific information in the provided context about whether the standard of effective epidural analgesia being reachable in all women. However, the context does show an increase in the use of epidural analgesia during childbirth over time.",baseline,0.592,False,0.5077,False,-1.0,6.19,pubmedqa,1.0,ollama,mistral
Implementation of epidural analgesia for labor: is the standard of effective analgesia reachable in all women?,"Present audit shows that the process of implementation of labor analgesia was quick, successful and safe, notwithstanding the identification of one cluster of women with suboptimal response to epidural analgesia that need to be further studies, overall pregnant womens'adhesion to labor analgesia was satisfactory."," Based on the provided context, it is not explicitly stated that the goal is to achieve effective analgesia in all women. However, the increase in the use of epidural analgesia from 15.5% to 51% indicates an improvement in its usage, suggesting that more women are experiencing its benefits over time. But whether effective analgesia can be reached in all women is not explicitly confirmed by the provided context.",hcpc_v1,0.5233,False,0.5111,False,-1.0,5.18,pubmedqa,1.0,ollama,mistral
Implementation of epidural analgesia for labor: is the standard of effective analgesia reachable in all women?,"Present audit shows that the process of implementation of labor analgesia was quick, successful and safe, notwithstanding the identification of one cluster of women with suboptimal response to epidural analgesia that need to be further studies, overall pregnant womens'adhesion to labor analgesia was satisfactory."," Based on the provided context, it is not mentioned whether the standard of effective epidural analgesia being reached in all women can be confirmed. The context states that during the audit period, the use of epidural analgesia increased significantly from 15.5% to 51%, but it does not specify if this increase includes all women who would benefit from it.",hcpc_v2,0.5549,False,0.5042,True,0.2731,6.04,pubmedqa,1.0,ollama,mistral
Does HER2 immunoreactivity provide prognostic information in locally advanced urothelial carcinoma patients receiving adjuvant M-VEC chemotherapy?,HER2 immunoreactivity might have a limited prognostic value for advanced urothelial carcinoma patients with adjuvant M-VEC.," Yes, according to the provided context, HER2 immunoreactivity provides prognostic information in locally advanced urothelial carcinoma patients receiving adjuvant M-VEC chemotherapy. It is a significant prognostic factor for PFS (p = 0.03) and disease-specific OS (p = 0.02) using univariate analysis, but not multivariate analysis.",baseline,0.6866,False,0.6943,False,-1.0,8.51,pubmedqa,1.0,ollama,mistral
Does HER2 immunoreactivity provide prognostic information in locally advanced urothelial carcinoma patients receiving adjuvant M-VEC chemotherapy?,HER2 immunoreactivity might have a limited prognostic value for advanced urothelial carcinoma patients with adjuvant M-VEC.," Yes, according to the provided context, HER2 immunoreactivity provides prognostic information for progression-free survival (PFS) and disease-specific overall survival (OS) in locally advanced urothelial carcinoma patients receiving adjuvant M-VEC chemotherapy. However, it was significant only in univariate analysis, not multivariate analysis.",hcpc_v1,0.704,False,0.6945,False,-1.0,4.87,pubmedqa,1.0,ollama,mistral
Does HER2 immunoreactivity provide prognostic information in locally advanced urothelial carcinoma patients receiving adjuvant M-VEC chemotherapy?,HER2 immunoreactivity might have a limited prognostic value for advanced urothelial carcinoma patients with adjuvant M-VEC.," Yes, according to the provided context, HER2 immunoreactivity provides prognostic information for progression-free survival (PFS) and disease-specific overall survival (OS) in locally advanced urothelial carcinoma patients receiving adjuvant M-VEC chemotherapy. However, it was only significant using univariate analysis, not multivariate analysis.",hcpc_v2,0.698,False,0.6939,True,0.3373,6.09,pubmedqa,1.0,ollama,mistral
Is halofantrine ototoxic?,"Halofantrine has mild to moderate pathological effects on cochlea histology, and can be considered an ototoxic drug."," Yes, according to the provided context, halofantrine appears to be ototoxic as it causes loss and distortion of inner hair cells, inner phalangeal cells, and spiral ganglia cells in guinea pigs.",baseline,0.8836,False,0.3795,False,-1.0,7.06,pubmedqa,1.0,ollama,mistral
Is halofantrine ototoxic?,"Halofantrine has mild to moderate pathological effects on cochlea histology, and can be considered an ototoxic drug."," I cannot find any information in the provided context that suggests whether Halofantrine is ototoxic or not. The context only mentions possible side effects related to seizures, gastroesophageal reflux, and breathlessness in relation to its use as an antimalarial drug.",hcpc_v1,0.6277,False,0.3884,False,-1.0,3.56,pubmedqa,1.0,ollama,mistral
Is halofantrine ototoxic?,"Halofantrine has mild to moderate pathological effects on cochlea histology, and can be considered an ototoxic drug."," Yes, based on the provided context, halofantrine appears to be ototoxic as it caused loss and distortion of inner hair cells, inner phalangeal cells, and loss of spiral ganglia cells in guinea pigs.",hcpc_v2,0.8659,False,0.3813,True,0.0609,6.53,pubmedqa,1.0,ollama,mistral
Visceral adipose tissue area measurement at a single level: can it represent visceral adipose tissue volume?,"VAT area measurement at a single level 3 cm above the lower margin of the L3 vertebra is feasible and can reflect changes in VAT volume and body weight. Advances in knowledge: As VAT area at a CT slice 3cm above the lower margin of L3 can best reflect interval changes in VAT volume and body weight, VAT area measurement should be selected at this location."," Yes, the provided context states that the VAT area measured at a slice 3 cm above the lower margin of L3 shows strong correlation with VAT volume changes. However, it does not directly state whether this single-level measurement can fully represent the entire VAT volume without considering other levels or slices.",baseline,0.677,False,0.3739,False,-1.0,7.7,pubmedqa,1.0,ollama,mistral
Visceral adipose tissue area measurement at a single level: can it represent visceral adipose tissue volume?,"VAT area measurement at a single level 3 cm above the lower margin of the L3 vertebra is feasible and can reflect changes in VAT volume and body weight. Advances in knowledge: As VAT area at a CT slice 3cm above the lower margin of L3 can best reflect interval changes in VAT volume and body weight, VAT area measurement should be selected at this location."," The context provided does not specifically address whether visceral adipose tissue (VAT) area measurement at a single level can represent VAT volume. However, the study's purpose is to determine the best CT slice location where VAT area changes reflect changes in VAT volume and body weight, which implies that there may be some relationship between the two measures. But without further information about the specific relationship or validation of this assumption, it remains uncertain if a single level measurement accurately represents the entire VAT volume.",hcpc_v1,0.5493,False,0.4057,False,-1.0,6.27,pubmedqa,1.0,ollama,mistral
Visceral adipose tissue area measurement at a single level: can it represent visceral adipose tissue volume?,"VAT area measurement at a single level 3 cm above the lower margin of the L3 vertebra is feasible and can reflect changes in VAT volume and body weight. Advances in knowledge: As VAT area at a CT slice 3cm above the lower margin of L3 can best reflect interval changes in VAT volume and body weight, VAT area measurement should be selected at this location."," Yes, according to the provided context, a CT slice 3 cm above the lower margin of L3 provides a VAT area that shows the strongest correlation with changes in VAT volume. Therefore, it can be inferred that the VAT area measured at this level may represent VAT volume. However, without further information or confirmation from additional studies, this is an inference and not definitive proof.",hcpc_v2,0.6854,False,0.3739,True,0.2226,7.9,pubmedqa,1.0,ollama,mistral
