model,dataset,chunk_size,top_k,prompt_strategy,question,answer,ground_truth,faithfulness_score,is_hallucination,nli_label,latency_s
llama3,pubmedqa,256,5,cot,Do mitochondria play a role in remodelling lace plant leaves during programmed cell death?,"According to the provided context, yes, mitochondria do play a role in remodelling lace plant leaves during programmed cell death. The text states that this treatment resulted in lace plant leaves with a significantly lower number of perforations compared to controls, and that displayed mitochondrial dynamics similar to that of non-PCD cells.","Results depicted mitochondrial dynamics in vivo as PCD progresses within the lace plant, and highlight the correlation of this organelle with other organelles during developmental PCD. To the best of our knowledge, this is the first report of mitochondria and chloroplasts moving on transvacuolar strands to form a ring structure surrounding the nucleus during developmental PCD. Also, for the first time, we have shown the feasibility for the use of CsA in a whole plant system. Overall, our findings implicate the mitochondria as playing a critical and early role in developmentally regulated PCD in the lace plant.",0.6844,False,faithful,4.17
llama3,pubmedqa,256,5,cot,Landolt C and snellen e acuity: differences in strabismus amblyopia?,"I cannot find this information in the provided context. The text only mentions that ""Differences between Landolt C acuity (LR) and Snellen E acuity (SE) were small"" without specifying any information about strabismus amblyopia.","Using the charts described, there was only a slight overestimation of visual acuity by the Snellen E compared to the Landolt C, even in strabismus amblyopia. Small differences in the lower visual acuity range have to be considered.",0.4759,True,hallucinated,3.76
llama3,pubmedqa,256,5,cot,"Syncope during bathing in infants, a pediatric form of water-induced urticaria?",I cannot find this information in the provided context.,"""Aquagenic maladies"" could be a pediatric form of the aquagenic urticaria.",0.5531,False,faithful,2.16
llama3,pubmedqa,256,5,cot,Are the long-term results of the transanal pull-through equal to those of the transabdominal pull-through?,"According to the provided context, it can be inferred that this study examined the long-term outcome of TERPT versus conventional transabdominal (ABD) pull-through for HD. Therefore, the answer is:

Yes, the long-term results of the transanal pull-through were compared to those of the transabdominal pull-through in this study.","Our long-term study showed significantly better (2-fold) results regarding the continence score for the abdominal approach compared with the transanal pull-through. The stool pattern and enterocolitis scores were somewhat better for the TERPT group. These findings raise an important issue about the current surgical management of HD; however, more cases will need to be studied before a definitive conclusion can be drawn.",0.638,False,faithful,4.82
llama3,pubmedqa,256,5,cot,Can tailored interventions increase mammography use among HMO women?,"Yes, according to the provided context, tailored telephone counseling promoted a significantly higher proportion of women having mammograms on schedule (71% vs 61%) compared to tailored print materials.","The effects of the intervention were most pronounced after the first intervention. Compared to usual care, telephone counseling seemed particularly effective at promoting change among nonadherent women, the group for whom the intervention was developed. These results suggest that telephone counseling, rather than tailored print, might be the preferred first-line intervention for getting nonadherent women on schedule for mammography screening. Many questions would have to be answered about why the tailored print intervention was not more powerful. Nevertheless, it is clear that additional interventions will be needed to maintain women's adherence to mammography. Medical Subject Headings (MeSH): mammography screening, telephone counseling, tailored print communications, barriers.",0.752,False,faithful,3.56
llama3,pubmedqa,256,5,cot,Double balloon enteroscopy: is it efficacious and safe in a community setting?,I cannot find this information in the provided context.,"DBE appears to be equally safe and effective when performed in the community setting as compared to a tertiary referral center with a comparable yield, efficacy, and complication rate.",0.5531,False,faithful,2.46
llama3,pubmedqa,256,5,cot,30-Day and 1-year mortality in emergency general surgery laparotomies: an area of concern and need for improvement?,"The answer is: YES. The study aimed to analyse the 30-day mortality, age-related 30-day mortality and 1-year mortality following emergency laparotomy, indicating that these outcomes are areas of concern and need for improvement.","Emergency laparotomy carries a high rate of mortality, especially in those over the age of 70 years, and more needs to be done to improve outcomes, particularly in this group. This could involve increasing acute surgical care manpower, early recognition of patients requiring emergency surgery, development of clear management protocols for such patients or perhaps even considering centralisation of emergency surgical services to specialist centres with multidisciplinary teams involving emergency surgeons and care of the elderly physicians in hospital and related community outreach services for post-discharge care.",0.7132,False,faithful,3.89
llama3,pubmedqa,256,5,cot,Is adjustment for reporting heterogeneity necessary in sleep disorders?,"According to the provided context, it is mentioned that ""Without correction of cut-point shifts, age, sex, and the number of comorbidities were significantly associated with a greater severity of sleep-related problems"" and later it is stated that ""After correction, age, the number of comorbidities, and regular exercise were significantly associated with a greater severity of sleep-related problems; sex was no longer a significant factor"".

This suggests that adjustment for reporting heterogeneity (or cut-point shifts) is necessary to obtain accurate results.","Sleep disorders are common in the general adult population of Japan. Correction for reporting heterogeneity using anchoring vignettes is not a necessary tool for proper management of sleep and energy related problems among Japanese adults. Older age, gender differences in communicating sleep-related problems, the presence of multiple morbidities, and regular exercise should be the focus of policies and clinical practice to improve sleep and energy management in Japan.",0.4848,True,hallucinated,6.55
llama3,pubmedqa,256,5,cot,Do mutations causing low HDL-C promote increased carotid intima-media thickness?,"According to the provided context, it can be inferred that:

Carotid intima-media thickness (cIMT) measurements were obtained in cases comprising 10 different mutations in LCAT, ABCA1 and APOA1...

This suggests that the study investigated the relationship between these genetic variations and early atherosclerosis. Since there is no explicit statement about the correlation between low HDL-C and increased cIMT, we cannot directly answer the question.

However, based on the context, it can be inferred that the study aimed to evaluate the relationship between low HDL resulting from genetic variation and early atherosclerosis, which includes carotid intima-media thickness (cIMT) measurements. This implies that the study might have found some correlation or association between these factors.

To provide a more specific answer, I would need additional information not present in this context. Therefore, my answer is:

I cannot find this information in the provided context.",Genetic variants identified in the present study may be insufficient to promote early carotid atherosclerosis.,0.678,False,faithful,10.69
llama3,pubmedqa,256,5,cot,A short stay or 23-hour ward in a general and academic children's hospital: are they effective?,"According to the provided context, yes, a short stay or 23-hour ward is effective. The text states that it ""increased hospital efficiency"" with an average length of stay of 17.5 hours (Westmead Hospital) compared to 20.5 hours (New Children's Hospital). Additionally, there were no adverse events reported and parental satisfaction was high.",This data demonstrates the robust nature of the short stay ward. At these two very different institutions we have shown improved bed efficient and patient care in a cost-effective way. We have also reported on greater parental satisfaction and early return of the child with their family to the community.,0.6332,False,faithful,5.41
llama3,pubmedqa,256,5,cot,Did Chile's traffic law reform push police enforcement?,"According to the provided context, yes, the introduction of Chile's 2005 traffic law was followed by an increment registered in police traffic enforcement.","Findings suggest that traffic law reforms in order to have an effect on both traffic fatality and injury rates reduction require changes in police enforcement practices. Last, this case also illustrates how the diffusion of successful road safety practices globally promoted by WHO and World Bank can be an important influence for enhancing national road safety practices.",0.593,False,faithful,3.15
llama3,pubmedqa,256,5,cot,Therapeutic anticoagulation in the trauma patient: is it safe?,"According to the provided context, it seems that therapeutic anticoagulation in trauma patients can be associated with complications. The text states that 24 out of 114 patients (21%) had at least one anticoagulation complication. Therefore, based on this information, it appears that therapeutic anticoagulation in the trauma patient may not be entirely safe.","Trauma patients have a significant complication rate related to anticoagulation therapy, and predicting which patients will develop a complication remains unclear. Prospective studies are needed to determine which treatment regimen, if any, is appropriate to safely anticoagulate this high risk population.",0.5076,False,faithful,4.76
llama3,pubmedqa,256,5,cot,Differentiation of nonalcoholic from alcoholic steatohepatitis: are routine laboratory markers useful?,"Yes. The provided context states that ""We investigated the role of routine laboratory parameters in distinguishing NASH from ASH"". This suggests that the answer to this question is affirmative, and that routine laboratory markers were found to be useful in differentiating nonalcoholic (NASH) from alcoholic steatohepatitis (ASH).","Higher MCVs and AST/ALT ratios in ASH reflect the severity of underlying liver disease and do not differentiate NASH from ASH. Instead, these biomarkers might prove useful in guiding selection of patients for liver biopsy and in targeting therapy.",0.7488,False,faithful,4.81
llama3,pubmedqa,256,5,cot,Prompting Primary Care Providers about Increased Patient Risk As a Result of Family History: Does It Work?,"The answer to your question is present in the provided context. According to the context, the objective of this study was to determine whether automated, at-the-visit tailored prompts about family history risk change PCP behavior. Therefore, the answer to your question ""Prompting Primary Care Providers about Increased Patient Risk As a Result of Family History: Does It Work?"" is that the study aimed to investigate whether such prompting changes PCP behavior.","No change occurred upon instituting simple, at-the-visit family history prompts geared to improve PCPs' ability to identify patients at high risk for 6 common conditions. The results are both surprising and disappointing. Further studies should examine physicians' perception of the utility of prompts for family history risk.",0.8217,False,faithful,5.38
llama3,pubmedqa,256,5,cot,Do emergency ultrasound fellowship programs impact emergency medicine residents' ultrasound education?,"According to the provided context, yes, the purpose of this study was to determine the impact of EUS fellowships on emergency medicine (EM) residents' US education.",Emergency US fellowship programs had a positive impact on residents' US educational experiences. Emergency medicine residents performed more scans overall and also used bedside US for more advanced applications in programs with EUS fellowships.,0.6352,False,faithful,3.37
llama3,pubmedqa,256,5,cot,Patient-Controlled Therapy of Breathlessness in Palliative Care: A New Therapeutic Concept for Opioid Administration?,I cannot find this information in the provided context.,Opioid PCT is a feasible and acceptable therapeutic method to reduce refractory breathlessness in palliative care patients.,0.5531,False,faithful,2.31
llama3,pubmedqa,256,5,cot,Is there still a need for living-related liver transplantation in children?,"The provided context raises the question whether living donor liver transplantation is still necessary after the combination of SLT and LRT has abolished deaths on the waiting list. However, it does not specifically address the need for living-related liver transplantation in children. Therefore, I cannot find this information in the provided context.","The short- and long-term outcomes after LRT and SLT did not differ significantly. To avoid the risk for the donor in LRT, SLT represents the first-line therapy in pediatric liver transplantation in countries where cadaveric organs are available. LRT provides a solution for urgent cases in which a cadaveric graft cannot be found in time or if the choice of the optimal time point for transplantation is vital.",0.5615,False,faithful,4.06
llama3,pubmedqa,256,5,cot,Do patterns of knowledge and attitudes exist among unvaccinated seniors?,"Yes, according to the provided context, patterns of knowledge and attitudes do exist among unvaccinated seniors. The text states that the survey clustered unvaccinated seniors by their immunization-related knowledge and attitudes, indicating that different groups with distinct characteristics were identified.",Findings suggest that cluster analyses may be useful in identifying groups for targeted health messages.,0.6246,False,faithful,4.2
llama3,pubmedqa,256,5,cot,Is there a model to teach and practice retroperitoneoscopic nephrectomy?,"Yes. According to the provided context, ""Fifteen piglets were operated on to develop a standard retroperitoneoscopic nephrectomy (RPN) training model"". This suggests that there is a model to teach and practice retroperitoneoscopic nephrectomy.",RPN in a porcine model is feasible and could be very useful for teaching and practicing retroperitoneoscopy.,0.7701,False,faithful,4.22
llama3,pubmedqa,256,5,cot,Cardiovascular risk in a rural adult West African population: is resting heart rate also relevant?,"According to the provided context, yes, resting heart rate (RHR) is relevant. In fact, it's mentioned that elevated RHR (>90 bpm) was found in 19% of the rural adult West African population studied.",Significant associations were observed between RHR and several established cardiovascular risk factors. Prospective studies are needed in sub-Saharan African populations to establish the potential value of RHR in cardiovascular risk assessment.,0.696,False,faithful,3.91
llama3,pubmedqa,256,5,cot,Israeli hospital preparedness for terrorism-related multiple casualty incidents: can the surge capacity and injury severity distribution be better predicted?,"According to the provided context, it seems that 15 years ago (assuming ""15 years ago"" refers to a specific point in time), the Emergency and Disaster Medicine Division in the Israeli Ministry of Health defined a key of 20 percent of each hospital's bed capacity as its readiness for multiple casualties.",Hospital preparedness can be better defined by a fixed number of casualties rather than a percentile of its bed capacity. Only 20% of the arriving casualties will require immediate medical treatment. Implementation of this concept may improve the utilisation of national emergency health resources both in the preparation phase and on real time.,0.3657,True,hallucinated,4.87
llama3,pubmedqa,256,5,cot,Acute respiratory distress syndrome in children with malignancy--can we predict outcome?,"Yes, according to the provided context, the purpose of this study was to delineate early respiratory predictors of mortality in children with hemato-oncology malignancy who developed acute respiratory distress syndrome (ARDS).","Peak inspiratory pressure, PEEP, and ventilation index values could distinguish survivors from nonsurvivors by day 3. This may assist in early application of supportive nonconventional therapies in children with malignancy and ARDS.",0.5782,False,faithful,3.82
llama3,pubmedqa,256,5,cot,Secondhand smoke risk in infants discharged from an NICU: potential for significant health disparities?,"I can answer that! According to the provided context, yes, secondhand smoke exposure (SHSe) threatens fragile infants discharged from a neonatal intensive care unit (NICU). Additionally, it is mentioned that 26% of all families with a high-risk infant in the NICU reported a household smoker, which suggests a potential for significant health disparities.","The most disadvantaged families were least likely to have protective health behaviors in place to reduce SHSe and, consequently, are most at-risk for tobacco exposure and subsequent tobacco-related health disparities. Innovative SHSe interventions for this vulnerable population are sorely needed.",0.5387,False,faithful,5.82
llama3,pubmedqa,256,5,cot,Do nomograms designed to predict biochemical recurrence (BCR) do a better job of predicting more clinically relevant prostate cancer outcomes than BCR?,"According to the provided context, it is stated that ""A previous study showed that several nomograms could predict aggressive BCR (prostate-specific antigen doubling time [PSADT] <9 months) more accurately than BCR."" This suggests that nomograms designed to predict biochemical recurrence (BCR) may not necessarily do a better job of predicting more clinically relevant prostate cancer outcomes, such as PCSM.","Currently available nomograms used to predict BCR accurately predict PCSM and other more clinically relevant endpoints. Moreover, not only do they significantly predict PCSM, but do so with generally greater accuracy than BCR.",0.4853,True,hallucinated,6.96
llama3,pubmedqa,256,5,cot,Are reports of mechanical dysfunction in chronic oro-facial pain related to somatisation?,"I cannot find this information in the provided context. The context only discusses the association between self-reported mechanical factors and chronic oro-facial pain, but does not mention somatisation or any relationship between reports of mechanical dysfunction and somatisation.","Self-reported mechanical factors associated with chronic oro-facial pain are confounded, in part, by psychological factors and are equally common across other frequently unexplained syndromes. They may represent another feature of somatisation. Therefore the use of extensive invasive therapy such as occlusal adjustments and surgery to change mechanical factors may not be justified in many cases.",0.6706,False,faithful,4.32
llama3,pubmedqa,256,5,cot,Amblyopia: is visual loss permanent?,"I cannot find this information in the provided context. The context only discusses cases of improvement in visual acuity and provides some statistics about amblyopic eyes, but it does not address whether amblyopia is a permanent condition or not.",Older people with a history of amblyopia who develop visual loss in the previously normal eye can experience recovery of visual function in the amblyopic eye over a period of time. This recovery in visual function occurs in the wake of visual loss in the fellow eye and the improvement appears to be sustained.,0.4246,True,hallucinated,4.73
llama3,pubmedqa,256,5,cot,Implementation of epidural analgesia for labor: is the standard of effective analgesia reachable in all women?,"According to the provided context, yes, the standard of implementation of epidural analgesia for labor to all patients is reachable. This is stated as one of the standards measured during the audit cycle: ""(1) Implementation of epidural analgesia for labor to all patients"".","Present audit shows that the process of implementation of labor analgesia was quick, successful and safe, notwithstanding the identification of one cluster of women with suboptimal response to epidural analgesia that need to be further studies, overall pregnant womens'adhesion to labor analgesia was satisfactory.",0.7767,False,faithful,5.41
llama3,pubmedqa,256,5,cot,Does HER2 immunoreactivity provide prognostic information in locally advanced urothelial carcinoma patients receiving adjuvant M-VEC chemotherapy?,"According to the provided context:

As for patients with adjuvant M-VEC, HER2 immunoreactivity was a significant prognostic factor for PFS (p = 0.03) and disease-specific OS (p = 0.02) using univariate analysis...

So, yes, HER2 immunoreactivity provides prognostic information in locally advanced urothelial carcinoma patients receiving adjuvant M-VEC chemotherapy.",HER2 immunoreactivity might have a limited prognostic value for advanced urothelial carcinoma patients with adjuvant M-VEC.,0.6555,False,faithful,7.02
llama3,pubmedqa,256,5,cot,Is halofantrine ototoxic?,"Based on the provided context, it can be inferred that Halofantrine is ototoxic because:

* The ""halofantrine therapeutic dose group"" showed loss and distortion of inner hair cells and inner phalangeal cells.
* The ""halofantrine double therapeutic dose group"" showed distortion of inner and outer hair cells, and loss of spiral ganglia cells.

These findings suggest that Halofantrine has a toxic effect on the inner ear structures, which is consistent with ototoxicity.","Halofantrine has mild to moderate pathological effects on cochlea histology, and can be considered an ototoxic drug.",0.6821,False,faithful,7.44
llama3,pubmedqa,256,5,cot,Visceral adipose tissue area measurement at a single level: can it represent visceral adipose tissue volume?,"According to the provided context, the purpose of this study is to determine the CT slice location where VAT area can best reflect changes in VAT volume and body weight. This suggests that measuring VAT area at a single level may not be sufficient to represent VAT volume, as the study aims to find the optimal slice location for reflecting changes in both VAT volume and body weight. Therefore, based on the context, I would answer:

""I cannot find this information in the provided context.""","VAT area measurement at a single level 3 cm above the lower margin of the L3 vertebra is feasible and can reflect changes in VAT volume and body weight. Advances in knowledge: As VAT area at a CT slice 3cm above the lower margin of L3 can best reflect interval changes in VAT volume and body weight, VAT area measurement should be selected at this location.",0.5187,False,faithful,6.4
llama3,pubmedqa,256,5,cot,Necrotizing fasciitis: an indication for hyperbaric oxygenation therapy?,"Yes, according to the provided context, necrotizing fasciitis (NF) is an indication for hyperbaric oxygenation (HBO) therapy. The text states that HBO has been recommended as adjuvant therapy for NF, improving patient mortality and outcome.",The results of this study cast doubt on the suggested advantage of HBO in reducing patient mortality and morbidity when used as adjuvant therapy for NF.,0.7191,False,faithful,4.93
llama3,pubmedqa,256,5,cot,Is the Hawkins sign able to predict necrosis in fractures of the neck of the astragalus?,"According to the provided context, it seems that four cases with negative Hawkins sign developed necrosis. However, no statistically significant differences were found when comparing the development of avascular necrosis with the displacement of the fracture, soft tissue injury, or delay in treatment. This suggests that the Hawkins sign may not be able to predict whether or not astragalus fractures of the neck will develop avascular necrosis.

Answer: The context does not provide conclusive evidence that the Hawkins sign can predict necrosis in fractures of the neck of the astragalus.","A positive Hawkins sign rules out that the fractured talus has developed avascular necrosis, but its absence does not confirm it.",0.443,True,hallucinated,7.41
llama3,pubmedqa,256,5,cot,Is a mandatory general surgery rotation necessary in the surgical clerkship?,"According to the provided context, it seems that changes in the spectrum of general surgery and the delivery of surgical care have placed the requirement for a mandatory general surgery rotation in the surgical clerkship. Therefore, based solely on this context, I would answer:

Yes, a mandatory general surgery rotation is necessary in the surgical clerkship.",Effective undergraduate surgical education can be offered in many specialty settings. Removal of the requirement for general surgery in clerkship may lead to a more effective use of all educational opportunities. A careful analysis of local programs and facilities is necessary before suggesting this change to other institutions.,0.5769,False,faithful,4.79
llama3,pubmedqa,256,5,cot,Is Acupuncture Efficacious for Treating Phonotraumatic Vocal Pathologies?,"According to the provided context, yes, acupuncture is efficacious for treating phonotraumatic vocal pathologies. The study found significant improvement in vocal function and perceived quality of life in both genuine and sham acupuncture groups, and structural improvements were only noticed in the genuine acupuncture group.",The findings showed that acupuncture of voice-related acupoints could bring about improvement in vocal function and healing of vocal fold lesions.,0.5116,False,faithful,4.89
llama3,pubmedqa,256,5,cot,Is aneurysm repair justified for the patients aged 80 or older after aneurysmal subarachnoid hemorrhage?,"According to the provided context, it can be inferred that aneurysm repair showed a significantly better clinical outcome compared to controls. Therefore, based on this information, it can be concluded that aneurysm repair is justified for patients aged 80 or older after aneurysmal subarachnoid hemorrhage.","Better prognosis was obtained when ruptured aneurysm was repaired in the elderly than it was treated conservatively. From the results of this study, we should not hesitate to offer the definitive surgery for the elderly with aSAH.",0.6958,False,faithful,6.16
llama3,pubmedqa,256,5,cot,Do general practice characteristics influence uptake of an information technology (IT) innovation in primary care?,"Yes. The context states: ""We evaluated whether structural characteristics of a general practice were associated with variations in use of a web-based clinical information system underpinning a Managed Clinical Network in diabetes, between the years 2001 and 2003"". This suggests that yes, general practice characteristics do influence uptake of an IT innovation in primary care.","The analyses show that structural characteristics of a practice are not associated with uptake of a new IT facility, but that its use may be influenced by post-graduate education in the relevant clinical condition. For this diabetes system at least, practice nurse use was critical in spreading uptake beyond initial GP enthusiasts and for sustained and rising use in subsequent years.",0.9185,False,faithful,5.83
llama3,pubmedqa,256,5,cot,Prognosis of well differentiated small hepatocellular carcinoma--is well differentiated hepatocellular carcinoma clinically early cancer?,"According to the provided context, the answer is:

Yes. The purpose of this study is to examine whether or not well differentiated (w-d) hepatocellular carcinoma (HCC) is indeed clinically early cancer.","W-d HCCs were clinically demonstrated not to be early cancer, because there was no significant difference in disease free survival between the patients with w-d and l-d HCCs.",0.7255,False,faithful,4.49
llama3,pubmedqa,256,5,cot,Do follow-up recommendations for abnormal Papanicolaou smears influence patient adherence?,"I cannot find this information in the provided context. The context only discusses a retrospective cohort study comparing adherence to follow-up recommendations for colposcopy or repeated Pap smears, but it does not explore whether the follow-up recommendations themselves influence patient adherence.","Adherence to follow-up was low in this family planning clinic population, no matter what type of follow-up was advised. Adherence was improved by the use of up to 3 reminders. Allocating resources to effective methods for improving adherence to follow-up of abnormal results may be more important than which follow-up procedure is recommended.",0.5508,False,faithful,5.47
llama3,pubmedqa,256,5,cot,Biomolecular identification of allergenic pollen: a new perspective for aerobiological monitoring?,The answer is: Yes.,"The real-time PCR approach revealed promising results in pollen identification and quantification, even when analyzing pollen mixes. Future perspectives could concern the development of multiplex real-time PCR for the simultaneous detection of different taxa in the same reaction tube and the application of high-throughput molecular methods.",0.7916,False,faithful,2.4
llama3,pubmedqa,256,5,cot,Does diabetes mellitus influence the efficacy of FDG-PET in the diagnosis of cervical cancer?,I cannot find this information in the provided context.,"In comparison with its accuracy in non-DM patients, the accuracy of PET in cervical cancer patients with mild to moderate DM was not significantly reduced.",0.5531,False,faithful,2.52
llama3,pubmedqa,256,5,cot,Biomechanical and wound healing characteristics of corneas after excimer laser keratorefractive surgery: is there a difference between advanced surface ablation and sub-Bowman's keratomileusis?,"I cannot find this information in the provided context. The context only discusses the biomechanical and wound healing characteristics of corneas after excimer laser keratorefractive surgery, but it does not specifically compare advanced surface ablation and sub-Bowman's keratomileusis.","Ophthalmic pathology and basic science research show that SBK and ASA are improvements in excimer laser keratorefractive surgery compared to conventional LASIK or PRK, particularly with regard to maintaining corneal biomechanics and perhaps moderately reducing the risk of corneal haze. However, most of the disadvantages caused by wound healing issues remain.",0.4986,True,hallucinated,5.25
llama3,pubmedqa,256,5,cot,Does radiotherapy of the primary rectal cancer affect prognosis after pelvic exenteration for recurrent rectal cancer?,"Based on the provided context, I can answer your question as follows:

The context suggests that patients who received radiotherapy for their primary rectal cancer required more radical exenterations and had lower rates of clear resection margins. However, it does not provide information about whether radiotherapy affects prognosis after pelvic exenteration for recurrent rectal cancer.

So, my answer based strictly on the provided context is:

I cannot find this information in the provided context.",Patients who previously received radiotherapy for primary rectal cancer treatment have worse oncologic outcomes than those who had not received radiotherapy after pelvic exenteration for locally recurrent rectal cancer.,0.5282,False,faithful,7.64
llama3,pubmedqa,256,5,cot,Can a practicing surgeon detect early lymphedema reliably?,"I cannot find this information in the provided context. The context only discusses sensitivity and specificity of different criteria for detecting lymphedema, but does not provide any information about whether a practicing surgeon can detect early lymphedema reliably or not.",An increase of 5% in circumference measurements identified the most potential lymphedema cases compared with an academic trial.,0.5678,False,faithful,4.34
llama3,pubmedqa,256,5,cot,Colorectal cancer with synchronous liver metastases: does global management at the same centre improve results?,"I cannot find this information in the provided context. The text only discusses different approaches to managing colorectal cancers with synchronous liver metastases, but it does not provide any information about whether ""global management"" (GM) improves results compared to ""separate management"" (SM).","GM of CRC and SLM was associated with fewer procedures but did not influence overall survival. SM was associated with a longer delay and increased use of chemotherapy between procedures, suggesting that more rigorous selection of SM patients for surgery may explain the higher disease-free survival after SLM resection.",0.527,False,faithful,5.94
llama3,pubmedqa,256,5,cot,Is motion perception deficit in schizophrenia a consequence of eye-tracking abnormality?,"According to the provided context, it is suggested that ""motion perception deficit"" was thought to cause ""eye-tracking abnormality"" in schizophrenia. However, the text also states that ""eye movement closely interacts with motion perception"", implying a possible reciprocal relationship between the two. Therefore, based on this context, I would say that the answer is not straightforwardly ""yes"" or ""no"". The relationship between motion perception deficit and eye-tracking abnormality appears to be more complex than a simple cause-and-effect relationship.","Speed discrimination, per se, is not impaired in schizophrenia patients. The observed abnormality appears to be a consequence of impairment in generating or integrating the feedback information from eye movements. This study introduces a novel approach to motion perception studies and highlights the importance of concurrently measuring eye movements to understand interactions between these two systems; the results argue for a conceptual revision regarding motion perception abnormality in schizophrenia.",0.6669,False,faithful,7.53
llama3,pubmedqa,256,5,cot,Transgastric endoscopic splenectomy: is it possible?,"According to the provided context, yes, per-oral transgastric splenectomy is possible. The text states that ""Endoscopic splenectomy was performed on six pigs"" and provides details on the procedure used.",Transgastric endoscopic splenectomy in a porcine model appears technically feasible. Additional long-term survival experiments are planned.,0.7113,False,faithful,4.03
llama3,pubmedqa,256,5,cot,It's Fournier's gangrene still dangerous?,"According to the provided context, yes, Fournier's gangrene is still considered dangerous. The text states that ""despite antibiotics and aggressive debridement, the mortality rate remains high"", indicating a significant risk of death or serious harm from the condition.","The interval from the onset of clinical symptoms to the initial surgical intervention seems to be the most important prognostic factor with a significant impact on outcome. Despite extensive therapeutic efforts, Fournier's gangrene remains a surgical emergency and early recognition with prompt radical debridement is the mainstays of management.",0.6164,False,faithful,4.36
llama3,pubmedqa,256,5,cot,Is it appropriate to implant kidneys from elderly donors in young recipients?,"The answer is not explicitly stated in the provided context. However, we can infer that the results of transplanting elderly kidneys into young recipients are presented after 10 years of evolution, suggesting that this practice has been studied and evaluated. Additionally, there were no differences found between groups with regard to various factors, which may imply that the outcome was not significantly affected by the age difference between donors and recipients.","We conclude that patient and graft survival on transplanting kidneys from elderly donors to young recipients is superimposable on that obtained with young donors. However, renal function is better in the group of young donors.",0.6135,False,faithful,5.43
llama3,pubmedqa,256,5,cot,Do provider service networks result in lower expenditures compared with HMOs or primary care case management in Florida's Medicaid program?,"I cannot find this information in the provided context. The context only discusses the impact of Florida's Medicaid Demonstration and does not provide information about the comparison between provider service networks, HMOs, and primary care case management in terms of expenditures.",The Medicaid Demonstration in Florida appears to result in lower PMPM expenditures. Demonstration PSNs generated slightly greater reductions in expenditures compared to Demonstration HMOs. PSNs appear to be a promising model for delivering care to Medicaid enrollees.,0.5714,False,faithful,4.42
llama3,pubmedqa,256,5,cot,Assessment of carotid artery stenosis before coronary artery bypass surgery. Is it always necessary?,"Based on the provided context, I can answer that:

It seems that carotid artery stenosis assessment is relevant and necessary before coronary artery bypass surgery (CAB), as stated in the sentence ""Extracranial internal carotid artery stenosis is a risk factor for perioperative stroke in patients undergoing coronary artery bypass surgery (CAB)"".

Additionally, the context mentions that 205 consecutive patients underwent preoperative carotid screening, suggesting that assessing carotid artery stenosis before CAB is a common practice.","In our cohort, selective screening of patients aged>70 years, with carotid bruit, a history of cerebrovascular disease, diabetes mellitus or PVD would have reduced the screening load by 40%, with trivial impact on surgical management or neurological outcomes.",0.6278,False,faithful,6.79
