question,ground_truth,answer,condition,faithfulness_score,is_hallucination,mean_retrieval_similarity,refined,ccs,latency_s,dataset,model
Do mitochondria play a role in remodelling lace plant leaves during programmed cell death?,"Results depicted mitochondrial dynamics in vivo as PCD progresses within the lace plant, and highlight the correlation of this organelle with other organelles during developmental PCD. To the best of our knowledge, this is the first report of mitochondria and chloroplasts moving on transvacuolar strands to form a ring structure surrounding the nucleus during developmental PCD. Also, for the first time, we have shown the feasibility for the use of CsA in a whole plant system. Overall, our findings implicate the mitochondria as playing a critical and early role in developmentally regulated PCD in the lace plant.","The context suggests that mitochondria do play a role in programmed cell death (PCD) in lace plant leaves. The study examined mitochondrial dynamics during PCD in the lace plant and found that mitochondrial dynamics changed during the progression of PCD. Additionally, treatment with cyclosporine A, which affects mitochondrial permeability transition pore formation, resulted in a lower number of perforations in the leaves, implying a role for mitochondria in the process.",baseline,0.7275,False,0.4707,False,-1.0,0.67,pubmedqa,llama-3.3-70b
Do mitochondria play a role in remodelling lace plant leaves during programmed cell death?,"Results depicted mitochondrial dynamics in vivo as PCD progresses within the lace plant, and highlight the correlation of this organelle with other organelles during developmental PCD. To the best of our knowledge, this is the first report of mitochondria and chloroplasts moving on transvacuolar strands to form a ring structure surrounding the nucleus during developmental PCD. Also, for the first time, we have shown the feasibility for the use of CsA in a whole plant system. Overall, our findings implicate the mitochondria as playing a critical and early role in developmentally regulated PCD in the lace plant.",I cannot find this information in the provided context.,hcpc_v1,0.5531,False,0.5723,False,-1.0,0.15,pubmedqa,llama-3.3-70b
Do mitochondria play a role in remodelling lace plant leaves during programmed cell death?,"Results depicted mitochondrial dynamics in vivo as PCD progresses within the lace plant, and highlight the correlation of this organelle with other organelles during developmental PCD. To the best of our knowledge, this is the first report of mitochondria and chloroplasts moving on transvacuolar strands to form a ring structure surrounding the nucleus during developmental PCD. Also, for the first time, we have shown the feasibility for the use of CsA in a whole plant system. Overall, our findings implicate the mitochondria as playing a critical and early role in developmentally regulated PCD in the lace plant.","The context suggests that mitochondria do play a role in programmed cell death (PCD) in lace plant leaves. The study examined mitochondrial dynamics during PCD in the lace plant and found that mitochondrial dynamics changed during the progression of PCD. Additionally, treatment with cyclosporine A, which affects mitochondrial permeability transition pore formation, resulted in a lower number of perforations in the leaves, implying a role for mitochondria in the process.",hcpc_v2,0.7275,False,0.4711,True,0.1358,0.54,pubmedqa,llama-3.3-70b
Landolt C and snellen e acuity: differences in strabismus amblyopia?,"Using the charts described, there was only a slight overestimation of visual acuity by the Snellen E compared to the Landolt C, even in strabismus amblyopia. Small differences in the lower visual acuity range have to be considered.","The mean difference between Landolt C acuity (LR) and Snellen E acuity (SE) for the eyes with strabismus amblyopia was 0.55 lines, with higher values of SE. The mean decimal values for LR and SE were 0.14 and 0.16, respectively.",baseline,0.5454,False,0.6049,False,-1.0,0.53,pubmedqa,llama-3.3-70b
Landolt C and snellen e acuity: differences in strabismus amblyopia?,"Using the charts described, there was only a slight overestimation of visual acuity by the Snellen E compared to the Landolt C, even in strabismus amblyopia. Small differences in the lower visual acuity range have to be considered.","The mean difference between Landolt C acuity (LR) and Snellen E acuity (SE) for eyes with strabismus amblyopia was 0.55 lines, with higher values of SE. The mean decimal values for LR and SE were 0.14 and 0.16, respectively.",hcpc_v1,0.5432,False,0.729,False,-1.0,0.26,pubmedqa,llama-3.3-70b
Landolt C and snellen e acuity: differences in strabismus amblyopia?,"Using the charts described, there was only a slight overestimation of visual acuity by the Snellen E compared to the Landolt C, even in strabismus amblyopia. Small differences in the lower visual acuity range have to be considered.","The mean difference between Landolt C acuity (LR) and Snellen E acuity (SE) for the eyes with strabismus amblyopia was 0.55 lines, with higher values of SE. The mean decimal values for LR and SE were 0.14 and 0.16, respectively.",hcpc_v2,0.5454,False,0.6053,True,0.6825,0.4,pubmedqa,llama-3.3-70b
"Syncope during bathing in infants, a pediatric form of water-induced urticaria?","""Aquagenic maladies"" could be a pediatric form of the aquagenic urticaria.","The context describes a condition where infants become pale, hypotonic, still, and unreactive when immersed in a bath, with recovery after withdrawal from the bath and stimulation. This condition is compared to aquagenic urticaria, a disease where patients have an allergic reaction to water. The context also mentions that the infants' families have a history of dermographism or other maladies related to water or sun exposure, and that the infants themselves have dermographism. Additionally, blood histamine levels increased after a trial bath in two of the infants tested. However, the term ""syncope"" is not explicitly mentioned in the context. 

I cannot find the term ""syncope"" in the provided context, but the condition described is similar to what could be described as syncope during bathing in infants, related to a pediatric form of water-induced urticaria.",baseline,0.5724,False,0.4616,False,-1.0,0.88,pubmedqa,llama-3.3-70b
"Syncope during bathing in infants, a pediatric form of water-induced urticaria?","""Aquagenic maladies"" could be a pediatric form of the aquagenic urticaria.",I cannot find this information in the provided context.,hcpc_v1,0.5531,False,0.533,False,-1.0,0.5,pubmedqa,llama-3.3-70b
"Syncope during bathing in infants, a pediatric form of water-induced urticaria?","""Aquagenic maladies"" could be a pediatric form of the aquagenic urticaria.","The context describes a condition where infants experience symptoms such as becoming pale, hypotonic, still, and unreactive when immersed in a bath, with recovery occurring after withdrawal from the bath and stimulation. This condition is compared to aquagenic urticaria, a disease where patients experience symptoms after exposure to water. The context suggests that the infants' condition may be an equivalent of aquagenic urticaria, and it is referred to as ""aquagenic maladies"". However, the term ""syncope"" is not explicitly mentioned in the context. 

I cannot find the term ""syncope"" in the provided context.",hcpc_v2,0.5858,False,0.4609,True,0.0486,0.79,pubmedqa,llama-3.3-70b
Are the long-term results of the transanal pull-through equal to those of the transabdominal pull-through?,"Our long-term study showed significantly better (2-fold) results regarding the continence score for the abdominal approach compared with the transanal pull-through. The stool pattern and enterocolitis scores were somewhat better for the TERPT group. These findings raise an important issue about the current surgical management of HD; however, more cases will need to be studied before a definitive conclusion can be drawn.",I cannot find this information in the provided context.,baseline,0.5531,False,0.3949,False,-1.0,0.23,pubmedqa,llama-3.3-70b
Are the long-term results of the transanal pull-through equal to those of the transabdominal pull-through?,"Our long-term study showed significantly better (2-fold) results regarding the continence score for the abdominal approach compared with the transanal pull-through. The stool pattern and enterocolitis scores were somewhat better for the TERPT group. These findings raise an important issue about the current surgical management of HD; however, more cases will need to be studied before a definitive conclusion can be drawn.",I cannot find this information in the provided context.,hcpc_v1,0.5531,False,0.4468,False,-1.0,0.33,pubmedqa,llama-3.3-70b
Are the long-term results of the transanal pull-through equal to those of the transabdominal pull-through?,"Our long-term study showed significantly better (2-fold) results regarding the continence score for the abdominal approach compared with the transanal pull-through. The stool pattern and enterocolitis scores were somewhat better for the TERPT group. These findings raise an important issue about the current surgical management of HD; however, more cases will need to be studied before a definitive conclusion can be drawn.",I cannot find this information in the provided context.,hcpc_v2,0.5531,False,0.3949,True,0.3376,0.32,pubmedqa,llama-3.3-70b
Can tailored interventions increase mammography use among HMO women?,"The effects of the intervention were most pronounced after the first intervention. Compared to usual care, telephone counseling seemed particularly effective at promoting change among nonadherent women, the group for whom the intervention was developed. These results suggest that telephone counseling, rather than tailored print, might be the preferred first-line intervention for getting nonadherent women on schedule for mammography screening. Many questions would have to be answered about why the tailored print intervention was not more powerful. Nevertheless, it is clear that additional interventions will be needed to maintain women's adherence to mammography. Medical Subject Headings (MeSH): mammography screening, telephone counseling, tailored print communications, barriers.","Yes, tailored telephone counseling and tailored print communications can increase mammography use among HMO women, with telephone counseling being more effective than tailored print materials, especially after the first year of intervention and among women who were off-schedule during the previous year.",baseline,0.3676,True,0.5218,False,-1.0,0.49,pubmedqa,llama-3.3-70b
Can tailored interventions increase mammography use among HMO women?,"The effects of the intervention were most pronounced after the first intervention. Compared to usual care, telephone counseling seemed particularly effective at promoting change among nonadherent women, the group for whom the intervention was developed. These results suggest that telephone counseling, rather than tailored print, might be the preferred first-line intervention for getting nonadherent women on schedule for mammography screening. Many questions would have to be answered about why the tailored print intervention was not more powerful. Nevertheless, it is clear that additional interventions will be needed to maintain women's adherence to mammography. Medical Subject Headings (MeSH): mammography screening, telephone counseling, tailored print communications, barriers.",I cannot find this information in the provided context.,hcpc_v1,0.5531,False,0.5447,False,-1.0,0.26,pubmedqa,llama-3.3-70b
Can tailored interventions increase mammography use among HMO women?,"The effects of the intervention were most pronounced after the first intervention. Compared to usual care, telephone counseling seemed particularly effective at promoting change among nonadherent women, the group for whom the intervention was developed. These results suggest that telephone counseling, rather than tailored print, might be the preferred first-line intervention for getting nonadherent women on schedule for mammography screening. Many questions would have to be answered about why the tailored print intervention was not more powerful. Nevertheless, it is clear that additional interventions will be needed to maintain women's adherence to mammography. Medical Subject Headings (MeSH): mammography screening, telephone counseling, tailored print communications, barriers.",I cannot find this information in the provided context.,hcpc_v2,0.5531,False,0.522,True,0.2474,0.37,pubmedqa,llama-3.3-70b
Double balloon enteroscopy: is it efficacious and safe in a community setting?,"DBE appears to be equally safe and effective when performed in the community setting as compared to a tertiary referral center with a comparable yield, efficacy, and complication rate.",I cannot find this information in the provided context.,baseline,0.5531,False,0.3262,False,-1.0,0.31,pubmedqa,llama-3.3-70b
Double balloon enteroscopy: is it efficacious and safe in a community setting?,"DBE appears to be equally safe and effective when performed in the community setting as compared to a tertiary referral center with a comparable yield, efficacy, and complication rate.",I cannot find this information in the provided context.,hcpc_v1,0.5531,False,0.3559,False,-1.0,0.2,pubmedqa,llama-3.3-70b
Double balloon enteroscopy: is it efficacious and safe in a community setting?,"DBE appears to be equally safe and effective when performed in the community setting as compared to a tertiary referral center with a comparable yield, efficacy, and complication rate.",I cannot find this information in the provided context.,hcpc_v2,0.5531,False,0.3257,True,0.1891,0.29,pubmedqa,llama-3.3-70b
30-Day and 1-year mortality in emergency general surgery laparotomies: an area of concern and need for improvement?,"Emergency laparotomy carries a high rate of mortality, especially in those over the age of 70 years, and more needs to be done to improve outcomes, particularly in this group. This could involve increasing acute surgical care manpower, early recognition of patients requiring emergency surgery, development of clear management protocols for such patients or perhaps even considering centralisation of emergency surgical services to specialist centres with multidisciplinary teams involving emergency surgeons and care of the elderly physicians in hospital and related community outreach services for post-discharge care.","In patients who underwent emergency laparotomy, the 30-day mortality was 12.4% in those aged <70 years and 22% in those aged >70 years. The 1-year mortality was 25.15% in those aged under 70 years and 38% in those aged >70 years.",baseline,0.5748,False,0.5245,False,-1.0,0.45,pubmedqa,llama-3.3-70b
30-Day and 1-year mortality in emergency general surgery laparotomies: an area of concern and need for improvement?,"Emergency laparotomy carries a high rate of mortality, especially in those over the age of 70 years, and more needs to be done to improve outcomes, particularly in this group. This could involve increasing acute surgical care manpower, early recognition of patients requiring emergency surgery, development of clear management protocols for such patients or perhaps even considering centralisation of emergency surgical services to specialist centres with multidisciplinary teams involving emergency surgeons and care of the elderly physicians in hospital and related community outreach services for post-discharge care.","In patients aged <70 years, the 30-day mortality was 12.4% and the 1-year mortality was 25.15%. In patients aged >70 years, the 30-day mortality was 22% and the 1-year mortality was 38%.",hcpc_v1,0.4913,True,0.5685,False,-1.0,0.39,pubmedqa,llama-3.3-70b
30-Day and 1-year mortality in emergency general surgery laparotomies: an area of concern and need for improvement?,"Emergency laparotomy carries a high rate of mortality, especially in those over the age of 70 years, and more needs to be done to improve outcomes, particularly in this group. This could involve increasing acute surgical care manpower, early recognition of patients requiring emergency surgery, development of clear management protocols for such patients or perhaps even considering centralisation of emergency surgical services to specialist centres with multidisciplinary teams involving emergency surgeons and care of the elderly physicians in hospital and related community outreach services for post-discharge care.","In patients who underwent emergency laparotomy, the 30-day mortality was 12.4% in those aged <70 years and 22% in those aged >70 years. The 1-year mortality was 25.15% in those aged under 70 years and 38% in those aged >70 years.",hcpc_v2,0.5748,False,0.5245,True,0.3144,0.52,pubmedqa,llama-3.3-70b
Is adjustment for reporting heterogeneity necessary in sleep disorders?,"Sleep disorders are common in the general adult population of Japan. Correction for reporting heterogeneity using anchoring vignettes is not a necessary tool for proper management of sleep and energy related problems among Japanese adults. Older age, gender differences in communicating sleep-related problems, the presence of multiple morbidities, and regular exercise should be the focus of policies and clinical practice to improve sleep and energy management in Japan.",This research evaluates the need for adjusting for reporting heterogeneity in the management of sleep and energy related problems in Japan.,baseline,0.6868,False,0.5493,False,-1.0,0.49,pubmedqa,llama-3.3-70b
Is adjustment for reporting heterogeneity necessary in sleep disorders?,"Sleep disorders are common in the general adult population of Japan. Correction for reporting heterogeneity using anchoring vignettes is not a necessary tool for proper management of sleep and energy related problems among Japanese adults. Older age, gender differences in communicating sleep-related problems, the presence of multiple morbidities, and regular exercise should be the focus of policies and clinical practice to improve sleep and energy management in Japan.","The context mentions that ""This research uses vignettes to elucidate factors associated with sleep disorders in adult Japanese before and after adjustment for reporting heterogeneity in self-reports"", which implies that adjustment for reporting heterogeneity is considered in the research. However, it does not explicitly state that it is necessary.",hcpc_v1,0.6948,False,0.5627,False,-1.0,0.38,pubmedqa,llama-3.3-70b
Is adjustment for reporting heterogeneity necessary in sleep disorders?,"Sleep disorders are common in the general adult population of Japan. Correction for reporting heterogeneity using anchoring vignettes is not a necessary tool for proper management of sleep and energy related problems among Japanese adults. Older age, gender differences in communicating sleep-related problems, the presence of multiple morbidities, and regular exercise should be the focus of policies and clinical practice to improve sleep and energy management in Japan.",This research evaluates the need for adjusting for reporting heterogeneity in the management of sleep and energy related problems in Japan.,hcpc_v2,0.6868,False,0.5493,True,0.2002,0.32,pubmedqa,llama-3.3-70b
Do mutations causing low HDL-C promote increased carotid intima-media thickness?,Genetic variants identified in the present study may be insufficient to promote early carotid atherosclerosis.,"No, according to the context, cIMT measurements were nearly identical between cases with low HDL-C due to genetic mutations and controls, despite significantly lower HDL cholesterol and apolipoprotein A-I levels in the cases.",baseline,0.3277,True,0.4327,False,-1.0,0.39,pubmedqa,llama-3.3-70b
Do mutations causing low HDL-C promote increased carotid intima-media thickness?,Genetic variants identified in the present study may be insufficient to promote early carotid atherosclerosis.,I cannot find this information in the provided context.,hcpc_v1,0.5531,False,0.452,False,-1.0,0.28,pubmedqa,llama-3.3-70b
Do mutations causing low HDL-C promote increased carotid intima-media thickness?,Genetic variants identified in the present study may be insufficient to promote early carotid atherosclerosis.,"No, according to the context, cIMT measurements were nearly identical between cases (with low HDL-C due to genetic mutations) and controls, despite significantly lower HDL cholesterol and apolipoprotein A-I levels in the cases.",hcpc_v2,0.4296,True,0.432,True,0.2474,0.46,pubmedqa,llama-3.3-70b
A short stay or 23-hour ward in a general and academic children's hospital: are they effective?,This data demonstrates the robust nature of the short stay ward. At these two very different institutions we have shown improved bed efficient and patient care in a cost-effective way. We have also reported on greater parental satisfaction and early return of the child with their family to the community.,"The short stay wards at Westmead Hospital and The New Children's Hospital appear to be effective, as they increased hospital efficiency, had low rates of admission to in-hospital beds and unscheduled visits, and resulted in estimated savings of $1/2 million to $2.3 million. Additionally, there were no adverse events reported and parental satisfaction was high.",baseline,0.5493,False,0.7454,False,-1.0,0.36,pubmedqa,llama-3.3-70b
A short stay or 23-hour ward in a general and academic children's hospital: are they effective?,This data demonstrates the robust nature of the short stay ward. At these two very different institutions we have shown improved bed efficient and patient care in a cost-effective way. We have also reported on greater parental satisfaction and early return of the child with their family to the community.,"The context suggests that short stay wards in both a general pediatric unit (Westmead Hospital) and an academic Children's hospital (The New Children's Hospital) are effective. They increased hospital efficiency, had low rates of admission to in-hospital beds and unscheduled visits, and reported no adverse events with high parental satisfaction.",hcpc_v1,0.5193,False,0.7697,False,-1.0,0.65,pubmedqa,llama-3.3-70b
A short stay or 23-hour ward in a general and academic children's hospital: are they effective?,This data demonstrates the robust nature of the short stay ward. At these two very different institutions we have shown improved bed efficient and patient care in a cost-effective way. We have also reported on greater parental satisfaction and early return of the child with their family to the community.,"The short stay wards at Westmead Hospital and The New Children's Hospital appear to be effective, as they increased hospital efficiency, had low rates of admission to in-hospital beds and unscheduled visits, and resulted in estimated savings of $1/2 million to $2.3 million. Additionally, there were no adverse events reported and parental satisfaction was high.",hcpc_v2,0.5493,False,0.7454,False,0.7455,3.71,pubmedqa,llama-3.3-70b
Did Chile's traffic law reform push police enforcement?,"Findings suggest that traffic law reforms in order to have an effect on both traffic fatality and injury rates reduction require changes in police enforcement practices. Last, this case also illustrates how the diffusion of successful road safety practices globally promoted by WHO and World Bank can be an important influence for enhancing national road safety practices.",I cannot find this information in the provided context.,baseline,0.5531,False,0.4542,False,-1.0,2.58,pubmedqa,llama-3.3-70b
Did Chile's traffic law reform push police enforcement?,"Findings suggest that traffic law reforms in order to have an effect on both traffic fatality and injury rates reduction require changes in police enforcement practices. Last, this case also illustrates how the diffusion of successful road safety practices globally promoted by WHO and World Bank can be an important influence for enhancing national road safety practices.",I cannot find this information in the provided context.,hcpc_v1,0.5531,False,0.4955,False,-1.0,0.54,pubmedqa,llama-3.3-70b
Did Chile's traffic law reform push police enforcement?,"Findings suggest that traffic law reforms in order to have an effect on both traffic fatality and injury rates reduction require changes in police enforcement practices. Last, this case also illustrates how the diffusion of successful road safety practices globally promoted by WHO and World Bank can be an important influence for enhancing national road safety practices.",I cannot find this information in the provided context.,hcpc_v2,0.5531,False,0.453,True,0.2486,2.35,pubmedqa,llama-3.3-70b
Therapeutic anticoagulation in the trauma patient: is it safe?,"Trauma patients have a significant complication rate related to anticoagulation therapy, and predicting which patients will develop a complication remains unclear. Prospective studies are needed to determine which treatment regimen, if any, is appropriate to safely anticoagulate this high risk population.",I cannot find this information in the provided context.,baseline,0.5531,False,0.5645,False,-1.0,3.73,pubmedqa,llama-3.3-70b
Therapeutic anticoagulation in the trauma patient: is it safe?,"Trauma patients have a significant complication rate related to anticoagulation therapy, and predicting which patients will develop a complication remains unclear. Prospective studies are needed to determine which treatment regimen, if any, is appropriate to safely anticoagulate this high risk population.","I cannot find this information in the provided context. The context provides information on the incidence of complications and patient factors associated with these complications, but it does not explicitly state whether therapeutic anticoagulation in trauma patients is safe.",hcpc_v1,0.4697,True,0.5845,False,-1.0,2.38,pubmedqa,llama-3.3-70b
Therapeutic anticoagulation in the trauma patient: is it safe?,"Trauma patients have a significant complication rate related to anticoagulation therapy, and predicting which patients will develop a complication remains unclear. Prospective studies are needed to determine which treatment regimen, if any, is appropriate to safely anticoagulate this high risk population.",I cannot find this information in the provided context.,hcpc_v2,0.5531,False,0.5655,True,0.2855,2.36,pubmedqa,llama-3.3-70b
Differentiation of nonalcoholic from alcoholic steatohepatitis: are routine laboratory markers useful?,"Higher MCVs and AST/ALT ratios in ASH reflect the severity of underlying liver disease and do not differentiate NASH from ASH. Instead, these biomarkers might prove useful in guiding selection of patients for liver biopsy and in targeting therapy.","The context suggests that routine laboratory parameters can be useful in distinguishing NASH from ASH. Specifically, the MCV, AST/ALT ratio, and sex were identified as relevant markers in multivariate analysis, with an area under the receiver operating characteristic curve (aROC) of 0.92.",baseline,0.581,False,0.4617,False,-1.0,3.55,pubmedqa,llama-3.3-70b
Differentiation of nonalcoholic from alcoholic steatohepatitis: are routine laboratory markers useful?,"Higher MCVs and AST/ALT ratios in ASH reflect the severity of underlying liver disease and do not differentiate NASH from ASH. Instead, these biomarkers might prove useful in guiding selection of patients for liver biopsy and in targeting therapy.","Specific markers for differentiation of nonalcoholic (NASH) from alcoholic steatohepatitis (ASH) are lacking. The context mentions that the role of routine laboratory parameters in distinguishing NASH from ASH was investigated, but it does not provide the results of the investigation. Therefore, I cannot find this information in the provided context.",hcpc_v1,0.4964,True,0.4882,False,-1.0,2.49,pubmedqa,llama-3.3-70b
Differentiation of nonalcoholic from alcoholic steatohepatitis: are routine laboratory markers useful?,"Higher MCVs and AST/ALT ratios in ASH reflect the severity of underlying liver disease and do not differentiate NASH from ASH. Instead, these biomarkers might prove useful in guiding selection of patients for liver biopsy and in targeting therapy.","The context suggests that routine laboratory parameters can be useful in distinguishing NASH from ASH. Specifically, the study found that high-grade fibrosis, an AST/ALT ratio >1, and elevated MCV were more common in ASH, and multivariate analysis identified MCV, AST/ALT ratio, and sex as relevant markers for differentiation.",hcpc_v2,0.5413,False,0.4614,True,0.3454,2.57,pubmedqa,llama-3.3-70b
Prompting Primary Care Providers about Increased Patient Risk As a Result of Family History: Does It Work?,"No change occurred upon instituting simple, at-the-visit family history prompts geared to improve PCPs' ability to identify patients at high risk for 6 common conditions. The results are both surprising and disappointing. Further studies should examine physicians' perception of the utility of prompts for family history risk.","The study found that automated, tailored prompts about family history risk did change primary care physician (PCP) behavior, with 53.5% of visits resulting in the physician reviewing family history, 22.9% discussing family history, and 0.7% reviewing family history and ordering tests/referrals. However, there was no significant change in problem summary list documentation of risk status or screening interventions for any of the 6 diseases.",baseline,0.5314,False,0.5966,False,-1.0,2.54,pubmedqa,llama-3.3-70b
Prompting Primary Care Providers about Increased Patient Risk As a Result of Family History: Does It Work?,"No change occurred upon instituting simple, at-the-visit family history prompts geared to improve PCPs' ability to identify patients at high risk for 6 common conditions. The results are both surprising and disappointing. Further studies should examine physicians' perception of the utility of prompts for family history risk.","The context does not provide a clear answer to whether prompting primary care providers about increased patient risk as a result of family history works. It describes a study that implemented automated, tailored prompts about family history risk and reports on the primary care physicians' responses to these prompts, but it does not provide an overall conclusion on the efficacy of this method.",hcpc_v1,0.4749,True,0.5793,False,-1.0,2.46,pubmedqa,llama-3.3-70b
Prompting Primary Care Providers about Increased Patient Risk As a Result of Family History: Does It Work?,"No change occurred upon instituting simple, at-the-visit family history prompts geared to improve PCPs' ability to identify patients at high risk for 6 common conditions. The results are both surprising and disappointing. Further studies should examine physicians' perception of the utility of prompts for family history risk.","The study found that automated, tailored prompts about family history risk did change primary care physician (PCP) behavior, with 53.5% of visits resulting in a review of family history, 22.9% resulting in a discussion of family history, and 0.7% resulting in a review of family history and ordering of tests/referrals. However, there was no significant change in problem summary list documentation of risk status or screening interventions for any of the 6 diseases.",hcpc_v2,0.5206,False,0.5972,True,0.3458,2.6,pubmedqa,llama-3.3-70b
Do emergency ultrasound fellowship programs impact emergency medicine residents' ultrasound education?,Emergency US fellowship programs had a positive impact on residents' US educational experiences. Emergency medicine residents performed more scans overall and also used bedside US for more advanced applications in programs with EUS fellowships.,"According to the context, yes, emergency ultrasound (EUS) fellowship programs appear to have a positive impact on emergency medicine residents' ultrasound education. Residents in programs with EUS fellowships reported performing more scans than those in programs without fellowships, and significant differences were noted in most applications of bedside US and barriers to US education between programs with and without fellowships.",baseline,0.7268,False,0.5411,False,-1.0,2.55,pubmedqa,llama-3.3-70b
Do emergency ultrasound fellowship programs impact emergency medicine residents' ultrasound education?,Emergency US fellowship programs had a positive impact on residents' US educational experiences. Emergency medicine residents performed more scans overall and also used bedside US for more advanced applications in programs with EUS fellowships.,"The context suggests that emergency ultrasound fellowship programs may have an impact, as it is stated that ""Significant differences were noted in most applications of bedside US between residency programs with and without fellowships (P<.05)"". However, the context does not explicitly state the nature of this impact, whether it is positive or negative.",hcpc_v1,0.613,False,0.5521,False,-1.0,2.55,pubmedqa,llama-3.3-70b
Do emergency ultrasound fellowship programs impact emergency medicine residents' ultrasound education?,Emergency US fellowship programs had a positive impact on residents' US educational experiences. Emergency medicine residents performed more scans overall and also used bedside US for more advanced applications in programs with EUS fellowships.,"According to the context, yes, emergency ultrasound (EUS) fellowship programs appear to have a positive impact on emergency medicine residents' ultrasound education. Residents in programs with EUS fellowships reported performing more scans than those in programs without fellowships, and significant differences were noted in most applications of bedside US and barriers to US education between programs with and without fellowships.",hcpc_v2,0.7268,False,0.5398,True,0.2159,2.9,pubmedqa,llama-3.3-70b
Patient-Controlled Therapy of Breathlessness in Palliative Care: A New Therapeutic Concept for Opioid Administration?,Opioid PCT is a feasible and acceptable therapeutic method to reduce refractory breathlessness in palliative care patients.,I cannot find this information in the provided context.,baseline,0.5531,False,0.5372,False,-1.0,2.33,pubmedqa,llama-3.3-70b
Patient-Controlled Therapy of Breathlessness in Palliative Care: A New Therapeutic Concept for Opioid Administration?,Opioid PCT is a feasible and acceptable therapeutic method to reduce refractory breathlessness in palliative care patients.,"The context does not explicitly state that patient-controlled therapy (PCT) of breathlessness in palliative care is a new therapeutic concept for opioid administration. It only mentions that it is unclear whether PCT systems would be an additional treatment option, and that the study aimed to investigate whether intravenous opioid PCT can be an effective therapeutic method to reduce breathlessness in patients with advanced disease.",hcpc_v1,0.4291,True,0.5627,False,-1.0,2.78,pubmedqa,llama-3.3-70b
Patient-Controlled Therapy of Breathlessness in Palliative Care: A New Therapeutic Concept for Opioid Administration?,Opioid PCT is a feasible and acceptable therapeutic method to reduce refractory breathlessness in palliative care patients.,I cannot find this information in the provided context.,hcpc_v2,0.5531,False,0.5367,True,0.4223,2.24,pubmedqa,llama-3.3-70b
Is there still a need for living-related liver transplantation in children?,"The short- and long-term outcomes after LRT and SLT did not differ significantly. To avoid the risk for the donor in LRT, SLT represents the first-line therapy in pediatric liver transplantation in countries where cadaveric organs are available. LRT provides a solution for urgent cases in which a cadaveric graft cannot be found in time or if the choice of the optimal time point for transplantation is vital.",I cannot find this information in the provided context.,baseline,0.5531,False,0.4627,False,-1.0,3.55,pubmedqa,llama-3.3-70b
Is there still a need for living-related liver transplantation in children?,"The short- and long-term outcomes after LRT and SLT did not differ significantly. To avoid the risk for the donor in LRT, SLT represents the first-line therapy in pediatric liver transplantation in countries where cadaveric organs are available. LRT provides a solution for urgent cases in which a cadaveric graft cannot be found in time or if the choice of the optimal time point for transplantation is vital.",I cannot find this information in the provided context.,hcpc_v1,0.5531,False,0.4706,False,-1.0,2.52,pubmedqa,llama-3.3-70b
Is there still a need for living-related liver transplantation in children?,"The short- and long-term outcomes after LRT and SLT did not differ significantly. To avoid the risk for the donor in LRT, SLT represents the first-line therapy in pediatric liver transplantation in countries where cadaveric organs are available. LRT provides a solution for urgent cases in which a cadaveric graft cannot be found in time or if the choice of the optimal time point for transplantation is vital.",I cannot find this information in the provided context.,hcpc_v2,0.5531,False,0.4627,True,0.3454,2.41,pubmedqa,llama-3.3-70b
Do patterns of knowledge and attitudes exist among unvaccinated seniors?,Findings suggest that cluster analyses may be useful in identifying groups for targeted health messages.,"Yes, patterns of knowledge and attitudes exist among unvaccinated seniors, as evidenced by the identification of 4 clusters: Potentials, Fearful Uninformeds, Doubters, and Misinformeds.",baseline,0.5972,False,0.4733,False,-1.0,2.49,pubmedqa,llama-3.3-70b
Do patterns of knowledge and attitudes exist among unvaccinated seniors?,Findings suggest that cluster analyses may be useful in identifying groups for targeted health messages.,"Yes, patterns of knowledge and attitudes exist among unvaccinated seniors, as evidenced by the identification of 4 clusters: Potentials, Fearful Uninformeds, Doubters, and Misinformeds.",hcpc_v1,0.5972,False,0.4895,False,-1.0,2.51,pubmedqa,llama-3.3-70b
Do patterns of knowledge and attitudes exist among unvaccinated seniors?,Findings suggest that cluster analyses may be useful in identifying groups for targeted health messages.,"Yes, patterns of knowledge and attitudes exist among unvaccinated seniors, as identified by 4 clusters: Potentials, Fearful Uninformeds, Doubters, and Misinformeds.",hcpc_v2,0.6388,False,0.4733,True,0.344,2.35,pubmedqa,llama-3.3-70b
Is there a model to teach and practice retroperitoneoscopic nephrectomy?,RPN in a porcine model is feasible and could be very useful for teaching and practicing retroperitoneoscopy.,"Yes, a training model for retroperitoneoscopy, specifically a standard retroperitoneoscopic nephrectomy (RPN) training model, was developed using 15 piglets.",baseline,0.5257,False,0.5035,False,-1.0,2.44,pubmedqa,llama-3.3-70b
Is there a model to teach and practice retroperitoneoscopic nephrectomy?,RPN in a porcine model is feasible and could be very useful for teaching and practicing retroperitoneoscopy.,"Yes, a training model for retroperitoneoscopy, specifically a standard retroperitoneoscopic nephrectomy (RPN) training model, was developed using 15 piglets.",hcpc_v1,0.5257,False,0.5595,False,-1.0,2.31,pubmedqa,llama-3.3-70b
Is there a model to teach and practice retroperitoneoscopic nephrectomy?,RPN in a porcine model is feasible and could be very useful for teaching and practicing retroperitoneoscopy.,"Yes, a training model for retroperitoneoscopy, specifically a standard retroperitoneoscopic nephrectomy (RPN) training model, was developed using 15 piglets.",hcpc_v2,0.5257,False,0.5031,True,0.2939,2.5,pubmedqa,llama-3.3-70b
Cardiovascular risk in a rural adult West African population: is resting heart rate also relevant?,Significant associations were observed between RHR and several established cardiovascular risk factors. Prospective studies are needed in sub-Saharan African populations to establish the potential value of RHR in cardiovascular risk assessment.,I cannot find this information in the provided context.,baseline,0.5531,False,0.5505,False,-1.0,2.22,pubmedqa,llama-3.3-70b
Cardiovascular risk in a rural adult West African population: is resting heart rate also relevant?,Significant associations were observed between RHR and several established cardiovascular risk factors. Prospective studies are needed in sub-Saharan African populations to establish the potential value of RHR in cardiovascular risk assessment.,"The context does not explicitly answer this question, but it does provide information about the study's aim to determine the prevalence of elevated resting heart rate (RHR) and its association with other risk factors for cardiovascular disease (CVD) in a rural population in Ghana. It also states that RHR was significantly associated with age, waist circumference, and BP, and that 79% of study participants had at least one CVD risk factor. However, it does not directly answer whether resting heart rate is also relevant to cardiovascular risk in a rural adult West African population.",hcpc_v1,0.6507,False,0.5742,False,-1.0,2.65,pubmedqa,llama-3.3-70b
Cardiovascular risk in a rural adult West African population: is resting heart rate also relevant?,Significant associations were observed between RHR and several established cardiovascular risk factors. Prospective studies are needed in sub-Saharan African populations to establish the potential value of RHR in cardiovascular risk assessment.,"Yes, resting heart rate is relevant. RHR was significantly associated with age, waist circumference, and BP. Individuals with an elevated RHR had a higher risk of casual high BP compared with participants with normal RHR.",hcpc_v2,0.6802,False,0.5492,True,0.3774,2.74,pubmedqa,llama-3.3-70b
Israeli hospital preparedness for terrorism-related multiple casualty incidents: can the surge capacity and injury severity distribution be better predicted?,Hospital preparedness can be better defined by a fixed number of casualties rather than a percentile of its bed capacity. Only 20% of the arriving casualties will require immediate medical treatment. Implementation of this concept may improve the utilisation of national emergency health resources both in the preparation phase and on real time.,I cannot find this information in the provided context.,baseline,0.5531,False,0.557,False,-1.0,2.38,pubmedqa,llama-3.3-70b
Israeli hospital preparedness for terrorism-related multiple casualty incidents: can the surge capacity and injury severity distribution be better predicted?,Hospital preparedness can be better defined by a fixed number of casualties rather than a percentile of its bed capacity. Only 20% of the arriving casualties will require immediate medical treatment. Implementation of this concept may improve the utilisation of national emergency health resources both in the preparation phase and on real time.,I cannot find this information in the provided context.,hcpc_v1,0.5531,False,0.5462,False,-1.0,2.2,pubmedqa,llama-3.3-70b
Israeli hospital preparedness for terrorism-related multiple casualty incidents: can the surge capacity and injury severity distribution be better predicted?,Hospital preparedness can be better defined by a fixed number of casualties rather than a percentile of its bed capacity. Only 20% of the arriving casualties will require immediate medical treatment. Implementation of this concept may improve the utilisation of national emergency health resources both in the preparation phase and on real time.,I cannot find this information in the provided context.,hcpc_v2,0.5531,False,0.5639,True,0.366,2.44,pubmedqa,llama-3.3-70b
Acute respiratory distress syndrome in children with malignancy--can we predict outcome?,"Peak inspiratory pressure, PEEP, and ventilation index values could distinguish survivors from nonsurvivors by day 3. This may assist in early application of supportive nonconventional therapies in children with malignancy and ARDS.","Yes, peak inspiratory pressure, positive end-expiratory pressure (PEEP), and ventilation index values could distinguish outcome by day 3, and a significant relationship between respiratory data and outcome related to efficiency of oxygenation was present from day 8 after onset of mechanical ventilation.",baseline,0.5434,False,0.5796,False,-1.0,2.5,pubmedqa,llama-3.3-70b
Acute respiratory distress syndrome in children with malignancy--can we predict outcome?,"Peak inspiratory pressure, PEEP, and ventilation index values could distinguish survivors from nonsurvivors by day 3. This may assist in early application of supportive nonconventional therapies in children with malignancy and ARDS.",I cannot find this information in the provided context.,hcpc_v1,0.5531,False,0.5889,False,-1.0,2.27,pubmedqa,llama-3.3-70b
Acute respiratory distress syndrome in children with malignancy--can we predict outcome?,"Peak inspiratory pressure, PEEP, and ventilation index values could distinguish survivors from nonsurvivors by day 3. This may assist in early application of supportive nonconventional therapies in children with malignancy and ARDS.","Yes, peak inspiratory pressure, positive end-expiratory pressure (PEEP), and ventilation index values could distinguish outcome by day 3, and a significant relationship between respiratory data and outcome related to efficiency of oxygenation was present from day 8 after onset of mechanical ventilation.",hcpc_v2,0.5434,False,0.5813,True,0.4223,2.55,pubmedqa,llama-3.3-70b
Secondhand smoke risk in infants discharged from an NICU: potential for significant health disparities?,"The most disadvantaged families were least likely to have protective health behaviors in place to reduce SHSe and, consequently, are most at-risk for tobacco exposure and subsequent tobacco-related health disparities. Innovative SHSe interventions for this vulnerable population are sorely needed.","Almost half of the families with a smoker reported an annual income of less than $25,000, and only 27.8% of families earning less than $25,000 reported having a total smoking ban in place, suggesting a potential for significant health disparities. Additionally, African American and Caucasian families were less likely to have a smoking ban compared with Hispanics, further indicating potential health disparities.",baseline,0.4401,True,0.513,False,-1.0,2.58,pubmedqa,llama-3.3-70b
Secondhand smoke risk in infants discharged from an NICU: potential for significant health disparities?,"The most disadvantaged families were least likely to have protective health behaviors in place to reduce SHSe and, consequently, are most at-risk for tobacco exposure and subsequent tobacco-related health disparities. Innovative SHSe interventions for this vulnerable population are sorely needed.","Almost half of the families with a smoker reported an annual income of less than $25,000, and only 27.8% of families earning less than $25,000 reported having a total smoking ban in place, compared to almost 60% of families earning more (p<.01), suggesting potential for significant health disparities.",hcpc_v1,0.4772,True,0.5185,False,-1.0,2.56,pubmedqa,llama-3.3-70b
Secondhand smoke risk in infants discharged from an NICU: potential for significant health disparities?,"The most disadvantaged families were least likely to have protective health behaviors in place to reduce SHSe and, consequently, are most at-risk for tobacco exposure and subsequent tobacco-related health disparities. Innovative SHSe interventions for this vulnerable population are sorely needed.","Yes, the context suggests that there is a potential for significant health disparities related to secondhand smoke risk in infants discharged from an NICU. It is mentioned that almost half of the families with a smoker reported an annual income of less than $25,000, and that families earning less than $25,000 were less likely to have a total smoking ban in place (27.8% vs almost 60% of families earning more). Additionally, African American and Caucasian families were less likely to have a smoking ban compared with Hispanics. These findings indicate that socioeconomic status and race may be related to secondhand smoke exposure and household smoking bans, suggesting potential health disparities.",hcpc_v2,0.571,False,0.513,True,0.1215,2.69,pubmedqa,llama-3.3-70b
Do nomograms designed to predict biochemical recurrence (BCR) do a better job of predicting more clinically relevant prostate cancer outcomes than BCR?,"Currently available nomograms used to predict BCR accurately predict PCSM and other more clinically relevant endpoints. Moreover, not only do they significantly predict PCSM, but do so with generally greater accuracy than BCR.","Yes, according to the context, nomograms designed to predict biochemical recurrence (BCR) can predict more definitive endpoints, such as prostate cancer-specific mortality (PCSM), and they do so more accurately than they predict BCR, as evidenced by higher c-index values for PCSM than for BCR.",baseline,0.4509,True,0.6278,False,-1.0,3.48,pubmedqa,llama-3.3-70b
Do nomograms designed to predict biochemical recurrence (BCR) do a better job of predicting more clinically relevant prostate cancer outcomes than BCR?,"Currently available nomograms used to predict BCR accurately predict PCSM and other more clinically relevant endpoints. Moreover, not only do they significantly predict PCSM, but do so with generally greater accuracy than BCR.","Yes, according to the context, nomograms designed to predict biochemical recurrence (BCR) can predict more definitive endpoints, such as prostate cancer-specific mortality (PCSM), and they do so more accurately than they predict BCR, as indicated by higher c-index values for PCSM than for BCR.",hcpc_v1,0.4775,True,0.6251,False,-1.0,2.54,pubmedqa,llama-3.3-70b
Do nomograms designed to predict biochemical recurrence (BCR) do a better job of predicting more clinically relevant prostate cancer outcomes than BCR?,"Currently available nomograms used to predict BCR accurately predict PCSM and other more clinically relevant endpoints. Moreover, not only do they significantly predict PCSM, but do so with generally greater accuracy than BCR.","Yes, according to the context, the nomograms designed to predict biochemical recurrence (BCR) do a better job of predicting more definitive endpoints, such as prostate cancer-specific mortality (PCSM), than BCR itself. The context states that ""they all predicted PCSM more accurately than they predicted BCR (ie, with higher c-index values)"".",hcpc_v2,0.778,False,0.626,True,0.3448,2.43,pubmedqa,llama-3.3-70b
Are reports of mechanical dysfunction in chronic oro-facial pain related to somatisation?,"Self-reported mechanical factors associated with chronic oro-facial pain are confounded, in part, by psychological factors and are equally common across other frequently unexplained syndromes. They may represent another feature of somatisation. Therefore the use of extensive invasive therapy such as occlusal adjustments and surgery to change mechanical factors may not be justified in many cases.",I cannot find this information in the provided context.,baseline,0.5531,False,0.585,False,-1.0,3.19,pubmedqa,llama-3.3-70b
Are reports of mechanical dysfunction in chronic oro-facial pain related to somatisation?,"Self-reported mechanical factors associated with chronic oro-facial pain are confounded, in part, by psychological factors and are equally common across other frequently unexplained syndromes. They may represent another feature of somatisation. Therefore the use of extensive invasive therapy such as occlusal adjustments and surgery to change mechanical factors may not be justified in many cases.",I cannot find this information in the provided context.,hcpc_v1,0.5531,False,0.6155,False,-1.0,1.19,pubmedqa,llama-3.3-70b
Are reports of mechanical dysfunction in chronic oro-facial pain related to somatisation?,"Self-reported mechanical factors associated with chronic oro-facial pain are confounded, in part, by psychological factors and are equally common across other frequently unexplained syndromes. They may represent another feature of somatisation. Therefore the use of extensive invasive therapy such as occlusal adjustments and surgery to change mechanical factors may not be justified in many cases.",I cannot find this information in the provided context.,hcpc_v2,0.5531,False,0.5882,True,0.0699,3.49,pubmedqa,llama-3.3-70b
Amblyopia: is visual loss permanent?,Older people with a history of amblyopia who develop visual loss in the previously normal eye can experience recovery of visual function in the amblyopic eye over a period of time. This recovery in visual function occurs in the wake of visual loss in the fellow eye and the improvement appears to be sustained.,I cannot find this information in the provided context.,baseline,0.5531,False,0.5044,False,-1.0,3.36,pubmedqa,llama-3.3-70b
Amblyopia: is visual loss permanent?,Older people with a history of amblyopia who develop visual loss in the previously normal eye can experience recovery of visual function in the amblyopic eye over a period of time. This recovery in visual function occurs in the wake of visual loss in the fellow eye and the improvement appears to be sustained.,I cannot find this information in the provided context.,hcpc_v1,0.5531,False,0.6298,False,-1.0,2.22,pubmedqa,llama-3.3-70b
Amblyopia: is visual loss permanent?,Older people with a history of amblyopia who develop visual loss in the previously normal eye can experience recovery of visual function in the amblyopic eye over a period of time. This recovery in visual function occurs in the wake of visual loss in the fellow eye and the improvement appears to be sustained.,I cannot find this information in the provided context.,hcpc_v2,0.5531,False,0.5044,True,0.6825,2.61,pubmedqa,llama-3.3-70b
Implementation of epidural analgesia for labor: is the standard of effective analgesia reachable in all women?,"Present audit shows that the process of implementation of labor analgesia was quick, successful and safe, notwithstanding the identification of one cluster of women with suboptimal response to epidural analgesia that need to be further studies, overall pregnant womens'adhesion to labor analgesia was satisfactory.",I cannot find this information in the provided context.,baseline,0.5531,False,0.5077,False,-1.0,2.57,pubmedqa,llama-3.3-70b
Implementation of epidural analgesia for labor: is the standard of effective analgesia reachable in all women?,"Present audit shows that the process of implementation of labor analgesia was quick, successful and safe, notwithstanding the identification of one cluster of women with suboptimal response to epidural analgesia that need to be further studies, overall pregnant womens'adhesion to labor analgesia was satisfactory.",I cannot find this information in the provided context.,hcpc_v1,0.5531,False,0.5111,False,-1.0,2.28,pubmedqa,llama-3.3-70b
Implementation of epidural analgesia for labor: is the standard of effective analgesia reachable in all women?,"Present audit shows that the process of implementation of labor analgesia was quick, successful and safe, notwithstanding the identification of one cluster of women with suboptimal response to epidural analgesia that need to be further studies, overall pregnant womens'adhesion to labor analgesia was satisfactory.",I cannot find this information in the provided context.,hcpc_v2,0.5531,False,0.5042,True,0.2731,2.34,pubmedqa,llama-3.3-70b
Does HER2 immunoreactivity provide prognostic information in locally advanced urothelial carcinoma patients receiving adjuvant M-VEC chemotherapy?,HER2 immunoreactivity might have a limited prognostic value for advanced urothelial carcinoma patients with adjuvant M-VEC.,"Yes, HER2 immunoreactivity was a significant prognostic factor for PFS (p = 0.03) and disease-specific OS (p = 0.02) in patients with adjuvant M-VEC using univariate analysis.",baseline,0.6847,False,0.6943,False,-1.0,2.51,pubmedqa,llama-3.3-70b
Does HER2 immunoreactivity provide prognostic information in locally advanced urothelial carcinoma patients receiving adjuvant M-VEC chemotherapy?,HER2 immunoreactivity might have a limited prognostic value for advanced urothelial carcinoma patients with adjuvant M-VEC.,"According to the context, HER2 immunoreactivity was a significant prognostic factor for PFS (p = 0.03) and disease-specific OS (p = 0.02) in patients with adjuvant M-VEC using univariate analysis. However, it was not significant in multivariate analysis. Therefore, the answer is yes, but with limitations, as it was significant only in univariate analysis.",hcpc_v1,0.6473,False,0.6945,False,-1.0,2.66,pubmedqa,llama-3.3-70b
Does HER2 immunoreactivity provide prognostic information in locally advanced urothelial carcinoma patients receiving adjuvant M-VEC chemotherapy?,HER2 immunoreactivity might have a limited prognostic value for advanced urothelial carcinoma patients with adjuvant M-VEC.,"Using univariate analysis, HER2 immunoreactivity was a significant prognostic factor for PFS (p = 0.03) and disease-specific OS (p = 0.02) in patients with adjuvant M-VEC. However, it was not significant in multivariate analysis.",hcpc_v2,0.5686,False,0.6939,True,0.3373,2.68,pubmedqa,llama-3.3-70b
Is halofantrine ototoxic?,"Halofantrine has mild to moderate pathological effects on cochlea histology, and can be considered an ototoxic drug.","The context suggests that halofantrine may be ototoxic, as it caused loss and distortion of inner hair cells and inner phalangeal cells, and loss of spiral ganglia cells in guinea pigs, even at therapeutic doses. However, it does not directly state that halofantrine is ototoxic in humans, as there have been no studies investigating its effect on hearing in humans.",baseline,0.5512,False,0.3795,False,-1.0,2.79,pubmedqa,llama-3.3-70b
Is halofantrine ototoxic?,"Halofantrine has mild to moderate pathological effects on cochlea histology, and can be considered an ototoxic drug.",I cannot find this information in the provided context.,hcpc_v1,0.5531,False,0.3884,False,-1.0,2.26,pubmedqa,llama-3.3-70b
Is halofantrine ototoxic?,"Halofantrine has mild to moderate pathological effects on cochlea histology, and can be considered an ototoxic drug.","The context suggests that halofantrine may be ototoxic, as it caused changes in the cochlea of guinea pigs, including loss and distortion of hair cells and spiral ganglia cells, at both therapeutic and double therapeutic doses. However, it does not directly state that halofantrine is ototoxic in humans, as there have been no studies investigating its effect on human hearing.",hcpc_v2,0.5635,False,0.3813,True,0.0609,2.66,pubmedqa,llama-3.3-70b
Visceral adipose tissue area measurement at a single level: can it represent visceral adipose tissue volume?,"VAT area measurement at a single level 3 cm above the lower margin of the L3 vertebra is feasible and can reflect changes in VAT volume and body weight. Advances in knowledge: As VAT area at a CT slice 3cm above the lower margin of L3 can best reflect interval changes in VAT volume and body weight, VAT area measurement should be selected at this location.","The strongest correlations of VAT area with VAT volume were shown in a slice 3 cm above the lower margin of L3 with an r value of 0.853, suggesting that VAT area measurement at a single level can represent VAT volume.",baseline,0.4849,True,0.3739,False,-1.0,2.61,pubmedqa,llama-3.3-70b
Visceral adipose tissue area measurement at a single level: can it represent visceral adipose tissue volume?,"VAT area measurement at a single level 3 cm above the lower margin of the L3 vertebra is feasible and can reflect changes in VAT volume and body weight. Advances in knowledge: As VAT area at a CT slice 3cm above the lower margin of L3 can best reflect interval changes in VAT volume and body weight, VAT area measurement should be selected at this location.",I cannot find this information in the provided context.,hcpc_v1,0.5531,False,0.4057,False,-1.0,2.44,pubmedqa,llama-3.3-70b
Visceral adipose tissue area measurement at a single level: can it represent visceral adipose tissue volume?,"VAT area measurement at a single level 3 cm above the lower margin of the L3 vertebra is feasible and can reflect changes in VAT volume and body weight. Advances in knowledge: As VAT area at a CT slice 3cm above the lower margin of L3 can best reflect interval changes in VAT volume and body weight, VAT area measurement should be selected at this location.","The strongest correlations of VAT area with VAT volume were shown in a slice 3 cm above the lower margin of L3 with an r value of 0.853, suggesting that VAT area measurement at a single level can represent VAT volume.",hcpc_v2,0.4849,True,0.3739,True,0.2226,2.43,pubmedqa,llama-3.3-70b
