question,ground_truth,answer,condition,faithfulness_score,is_hallucination,mean_retrieval_similarity,refined,ccs,dataset,model
Do mitochondria play a role in remodelling lace plant leaves during programmed cell death?,"Results depicted mitochondrial dynamics in vivo as PCD progresses within the lace plant, and highlight the correlation of this organelle with other organelles during developmental PCD. To the best of our knowledge, this is the first report of mitochondria and chloroplasts moving on transvacuolar strands to form a ring structure surrounding the nucleus during developmental PCD. Also, for the first time, we have shown the feasibility for the use of CsA in a whole plant system. Overall, our findings implicate the mitochondria as playing a critical and early role in developmentally regulated PCD in the lace plant.","According to the provided context, yes, mitochondria do play a role in remodelling lace plant leaves during programmed cell death. The paper elucidates the role of mitochondrial dynamics during developmentally regulated PCD in vivo in A. madagascariensis. Mitochondrial dynamics were delineated into four categories (M1-M4) based on characteristics including distribution, motility, and membrane potential (ΔΨm).",baseline,0.6853,False,0.4707,False,-1.0,pubmedqa,llama3
Do mitochondria play a role in remodelling lace plant leaves during programmed cell death?,"Results depicted mitochondrial dynamics in vivo as PCD progresses within the lace plant, and highlight the correlation of this organelle with other organelles during developmental PCD. To the best of our knowledge, this is the first report of mitochondria and chloroplasts moving on transvacuolar strands to form a ring structure surrounding the nucleus during developmental PCD. Also, for the first time, we have shown the feasibility for the use of CsA in a whole plant system. Overall, our findings implicate the mitochondria as playing a critical and early role in developmentally regulated PCD in the lace plant.","According to the provided context, yes, mitochondria do play a role in remodeling lace plant leaves during programmed cell death. The paper elucidates the role of mitochondrial dynamics during developmentally regulated PCD in vivo in A. madagascariensis. Additionally, it is mentioned that staining the leaves with MitoTracker Red CMXRos resulted in mitochondrial dynamics similar to that of non-PCD cells, which suggests a role for mitochondria in remodeling the leaves during PCD.",hcpc_v1,0.5866,False,0.5723,False,-1.0,pubmedqa,llama3
Do mitochondria play a role in remodelling lace plant leaves during programmed cell death?,"Results depicted mitochondrial dynamics in vivo as PCD progresses within the lace plant, and highlight the correlation of this organelle with other organelles during developmental PCD. To the best of our knowledge, this is the first report of mitochondria and chloroplasts moving on transvacuolar strands to form a ring structure surrounding the nucleus during developmental PCD. Also, for the first time, we have shown the feasibility for the use of CsA in a whole plant system. Overall, our findings implicate the mitochondria as playing a critical and early role in developmentally regulated PCD in the lace plant.","According to the provided context, yes, mitochondria do play a role in remodelling lace plant leaves during programmed cell death. The paper elucidates the role of mitochondrial dynamics during developmentally regulated PCD in vivo in A. madagascariensis. Mitochondrial dynamics were delineated into four categories (M1-M4) based on characteristics including distribution, motility, and membrane potential (ΔΨm).",hcpc_v2,0.6853,False,0.4711,True,0.1358,pubmedqa,llama3
Landolt C and snellen e acuity: differences in strabismus amblyopia?,"Using the charts described, there was only a slight overestimation of visual acuity by the Snellen E compared to the Landolt C, even in strabismus amblyopia. Small differences in the lower visual acuity range have to be considered.","According to the provided context, the mean difference between Landolt C acuity (LR) and Snellen E acuity (SE) was 0.55 lines for eyes with strabismus amblyopia, with higher values of SE in both groups.",baseline,0.5679,False,0.6049,False,-1.0,pubmedqa,llama3
Landolt C and snellen e acuity: differences in strabismus amblyopia?,"Using the charts described, there was only a slight overestimation of visual acuity by the Snellen E compared to the Landolt C, even in strabismus amblyopia. Small differences in the lower visual acuity range have to be considered.","According to the provided context, the mean difference between Landolt C (LR) and Snellen E (SE) was 0.55 lines for eyes with strabismus amblyopia, with higher values of SE in both groups.",hcpc_v1,0.6055,False,0.729,False,-1.0,pubmedqa,llama3
Landolt C and snellen e acuity: differences in strabismus amblyopia?,"Using the charts described, there was only a slight overestimation of visual acuity by the Snellen E compared to the Landolt C, even in strabismus amblyopia. Small differences in the lower visual acuity range have to be considered.","According to the provided context, the mean difference between Landolt C acuity (LR) and Snellen E acuity (SE) was 0.55 lines for eyes with strabismus amblyopia, with higher values of SE in both groups.",hcpc_v2,0.5679,False,0.6053,True,0.6825,pubmedqa,llama3
"Syncope during bathing in infants, a pediatric form of water-induced urticaria?","""Aquagenic maladies"" could be a pediatric form of the aquagenic urticaria.","Yes, according to the provided context, syncope during bathing in infants is described as ""apparent life-threatening events"" that are pale, hypotonic, still and unreactive when immersed in bathwater. The condition is referred to as an ""equivalent of aquagenic urticaria"", which is characterized by dermographism (skin reactions) in family members.",baseline,0.766,False,0.4616,False,-1.0,pubmedqa,llama3
"Syncope during bathing in infants, a pediatric form of water-induced urticaria?","""Aquagenic maladies"" could be a pediatric form of the aquagenic urticaria.","I cannot find this information in the provided context. The context only mentions ""aquagenic maladies"" and ""troubles associated with sun or water"", but does not specifically mention syncope during bathing in infants, nor a pediatric form of water-induced urticaria.",hcpc_v1,0.4726,True,0.533,False,-1.0,pubmedqa,llama3
"Syncope during bathing in infants, a pediatric form of water-induced urticaria?","""Aquagenic maladies"" could be a pediatric form of the aquagenic urticaria.","Yes. According to the provided context, the answer is yes. The text states that ""Apparent life-threatening events in infants are a difficult and frequent problem in pediatric practice... On immersion, they became pale, hypotonic, still and unreactive; recovery took a few seconds after withdrawal from the bath and stimulation."" This suggests that syncope (fainting) occurs during bathing in these infants. Additionally, the text mentions that ""All six infants had dermographism"" which is related to water-induced urticaria.",hcpc_v2,0.5862,False,0.4609,True,0.0486,pubmedqa,llama3
Are the long-term results of the transanal pull-through equal to those of the transabdominal pull-through?,"Our long-term study showed significantly better (2-fold) results regarding the continence score for the abdominal approach compared with the transanal pull-through. The stool pattern and enterocolitis scores were somewhat better for the TERPT group. These findings raise an important issue about the current surgical management of HD; however, more cases will need to be studied before a definitive conclusion can be drawn.","I can answer that! According to the provided context, the study examined the long-term outcome of TERPT (transanal endorectal pull-through) versus conventional ABD (transabdominal) pull-through for Hirschsprung disease. The results showed that patients who underwent TERPT had a total scoring ranging from 0 to 40: 0 to 10, excellent; 11 to 20 good; 21 to 30 fair; 31 to 40 poor.",baseline,0.4157,True,0.3949,False,-1.0,pubmedqa,llama3
Are the long-term results of the transanal pull-through equal to those of the transabdominal pull-through?,"Our long-term study showed significantly better (2-fold) results regarding the continence score for the abdominal approach compared with the transanal pull-through. The stool pattern and enterocolitis scores were somewhat better for the TERPT group. These findings raise an important issue about the current surgical management of HD; however, more cases will need to be studied before a definitive conclusion can be drawn.","According to the provided context, the answer is:

The actual graft survival rates were 76% for TERPT (transabdominal) and 81% for conventional ABD (abdominal) pull-through. This suggests that the long-term results of the transabdominal pull-through may be slightly better than those of the transanal pull-through, but it's not explicitly stated in the context whether they are equal or not.",hcpc_v1,0.4531,True,0.4468,False,-1.0,pubmedqa,llama3
Are the long-term results of the transanal pull-through equal to those of the transabdominal pull-through?,"Our long-term study showed significantly better (2-fold) results regarding the continence score for the abdominal approach compared with the transanal pull-through. The stool pattern and enterocolitis scores were somewhat better for the TERPT group. These findings raise an important issue about the current surgical management of HD; however, more cases will need to be studied before a definitive conclusion can be drawn.","I can answer that! According to the provided context, the study examined the long-term outcome of TERPT (transanal endorectal pull-through) versus conventional ABD (transabdominal) pull-through for Hirschsprung disease. The results are presented in terms of a 15-item post-pull-through long-term outcome questionnaire, with total scoring ranging from 0 to 40. However, the context does not provide specific information on whether the long-term results of TERPT are equal to those of ABD. Therefore, I cannot find this information in the provided context.",hcpc_v2,0.5636,False,0.3949,True,0.3376,pubmedqa,llama3
Can tailored interventions increase mammography use among HMO women?,"The effects of the intervention were most pronounced after the first intervention. Compared to usual care, telephone counseling seemed particularly effective at promoting change among nonadherent women, the group for whom the intervention was developed. These results suggest that telephone counseling, rather than tailored print, might be the preferred first-line intervention for getting nonadherent women on schedule for mammography screening. Many questions would have to be answered about why the tailored print intervention was not more powerful. Nevertheless, it is clear that additional interventions will be needed to maintain women's adherence to mammography. Medical Subject Headings (MeSH): mammography screening, telephone counseling, tailored print communications, barriers.","Yes, according to the provided context, tailored telephone counseling was found to be more effective than tailored print materials in promoting mammography screening. Specifically, it promoted a significantly higher proportion of women having mammograms on schedule (71% vs 61%) compared to usual care alone.",baseline,0.7091,False,0.5218,False,-1.0,pubmedqa,llama3
Can tailored interventions increase mammography use among HMO women?,"The effects of the intervention were most pronounced after the first intervention. Compared to usual care, telephone counseling seemed particularly effective at promoting change among nonadherent women, the group for whom the intervention was developed. These results suggest that telephone counseling, rather than tailored print, might be the preferred first-line intervention for getting nonadherent women on schedule for mammography screening. Many questions would have to be answered about why the tailored print intervention was not more powerful. Nevertheless, it is clear that additional interventions will be needed to maintain women's adherence to mammography. Medical Subject Headings (MeSH): mammography screening, telephone counseling, tailored print communications, barriers.","According to the provided context, yes, tailored telephone counseling can increase mammography use among women. The study found that compared to usual care alone, telephone counseling promoted a significantly higher proportion of women having mammograms on schedule (71% vs 61%) than did tailored print (67% vs 61%).",hcpc_v1,0.7789,False,0.5447,False,-1.0,pubmedqa,llama3
Can tailored interventions increase mammography use among HMO women?,"The effects of the intervention were most pronounced after the first intervention. Compared to usual care, telephone counseling seemed particularly effective at promoting change among nonadherent women, the group for whom the intervention was developed. These results suggest that telephone counseling, rather than tailored print, might be the preferred first-line intervention for getting nonadherent women on schedule for mammography screening. Many questions would have to be answered about why the tailored print intervention was not more powerful. Nevertheless, it is clear that additional interventions will be needed to maintain women's adherence to mammography. Medical Subject Headings (MeSH): mammography screening, telephone counseling, tailored print communications, barriers.","Yes, according to the provided context, tailored telephone counseling was found to be more effective than tailored print materials in promoting mammography screening. Specifically, it promoted a significantly higher proportion of women having mammograms on schedule (71% vs 61%) compared to usual care alone.",hcpc_v2,0.7091,False,0.522,True,0.2474,pubmedqa,llama3
Double balloon enteroscopy: is it efficacious and safe in a community setting?,"DBE appears to be equally safe and effective when performed in the community setting as compared to a tertiary referral center with a comparable yield, efficacy, and complication rate.",I cannot find this information in the provided context. The text does not mention double balloon enteroscopy or its efficacy and safety in a community setting.,baseline,0.6058,False,0.3262,False,-1.0,pubmedqa,llama3
Double balloon enteroscopy: is it efficacious and safe in a community setting?,"DBE appears to be equally safe and effective when performed in the community setting as compared to a tertiary referral center with a comparable yield, efficacy, and complication rate.","According to the provided context, DBE (Double Balloon Enteroscopy) was performed in 44 antegrade and 44 retrograde cases. However, there is no information about its efficacy or safety in a community setting. Therefore, I cannot find this information in the provided context.",hcpc_v1,0.6308,False,0.3559,False,-1.0,pubmedqa,llama3
Double balloon enteroscopy: is it efficacious and safe in a community setting?,"DBE appears to be equally safe and effective when performed in the community setting as compared to a tertiary referral center with a comparable yield, efficacy, and complication rate.",I cannot find this information in the provided context. The text does not mention double balloon enteroscopy or its efficacy and safety in a community setting.,hcpc_v2,0.6058,False,0.3257,True,0.1891,pubmedqa,llama3
30-Day and 1-year mortality in emergency general surgery laparotomies: an area of concern and need for improvement?,"Emergency laparotomy carries a high rate of mortality, especially in those over the age of 70 years, and more needs to be done to improve outcomes, particularly in this group. This could involve increasing acute surgical care manpower, early recognition of patients requiring emergency surgery, development of clear management protocols for such patients or perhaps even considering centralisation of emergency surgical services to specialist centres with multidisciplinary teams involving emergency surgeons and care of the elderly physicians in hospital and related community outreach services for post-discharge care.","Yes, according to the provided context, 30-day mortality was 12% in those aged <70 years and 22% in those >70 years. Additionally, 1-year mortality was 25%, with 15% in those aged under 70 years and 38% in those aged>70 years.",baseline,0.4766,True,0.5245,False,-1.0,pubmedqa,llama3
30-Day and 1-year mortality in emergency general surgery laparotomies: an area of concern and need for improvement?,"Emergency laparotomy carries a high rate of mortality, especially in those over the age of 70 years, and more needs to be done to improve outcomes, particularly in this group. This could involve increasing acute surgical care manpower, early recognition of patients requiring emergency surgery, development of clear management protocols for such patients or perhaps even considering centralisation of emergency surgical services to specialist centres with multidisciplinary teams involving emergency surgeons and care of the elderly physicians in hospital and related community outreach services for post-discharge care.","Yes, according to the provided context, the study found that:

* 30-day mortality was 12.4% in those aged <70 years and 22% in those aged >70 years (p <0.001).
* 1-year mortality was 25.15% in those aged under 70 years and 38% in those aged>70 years (p <0.001).

This suggests that there is a significant difference in mortality rates between age groups, with older patients having higher mortality rates.",hcpc_v1,0.5349,False,0.5685,False,-1.0,pubmedqa,llama3
30-Day and 1-year mortality in emergency general surgery laparotomies: an area of concern and need for improvement?,"Emergency laparotomy carries a high rate of mortality, especially in those over the age of 70 years, and more needs to be done to improve outcomes, particularly in this group. This could involve increasing acute surgical care manpower, early recognition of patients requiring emergency surgery, development of clear management protocols for such patients or perhaps even considering centralisation of emergency surgical services to specialist centres with multidisciplinary teams involving emergency surgeons and care of the elderly physicians in hospital and related community outreach services for post-discharge care.","Yes, according to the provided context, 30-day mortality was 12% in those aged <70 years and 22% in those >70 years. Additionally, 1-year mortality was 25%, with 15% in those aged under 70 years and 38% in those aged>70 years.",hcpc_v2,0.4766,True,0.5245,True,0.3144,pubmedqa,llama3
Is adjustment for reporting heterogeneity necessary in sleep disorders?,"Sleep disorders are common in the general adult population of Japan. Correction for reporting heterogeneity using anchoring vignettes is not a necessary tool for proper management of sleep and energy related problems among Japanese adults. Older age, gender differences in communicating sleep-related problems, the presence of multiple morbidities, and regular exercise should be the focus of policies and clinical practice to improve sleep and energy management in Japan.","According to the provided context, it can be inferred that adjusting for reporting heterogeneity is necessary. The text states ""After correction, age, the number of comorbidities, and regular exercise were significantly associated with a greater severity of sleep-related problems; sex was no longer a significant factor."" This suggests that correcting for reporting heterogeneity changed the significance of some factors, implying that it is necessary to account for such differences in order to accurately estimate associations.",baseline,0.5197,False,0.5493,False,-1.0,pubmedqa,llama3
Is adjustment for reporting heterogeneity necessary in sleep disorders?,"Sleep disorders are common in the general adult population of Japan. Correction for reporting heterogeneity using anchoring vignettes is not a necessary tool for proper management of sleep and energy related problems among Japanese adults. Older age, gender differences in communicating sleep-related problems, the presence of multiple morbidities, and regular exercise should be the focus of policies and clinical practice to improve sleep and energy management in Japan.","According to the provided context, it seems that adjustment for reporting heterogeneity is relevant in self-reports of sleep-related problems. The research uses vignettes to elucidate factors associated with sleep disorders and mentions ""adjustment for reporting heterogeneity in self-reports"". This suggests that adjusting for reporting heterogeneity may be necessary to accurately understand sleep disorders.",hcpc_v1,0.6286,False,0.5627,False,-1.0,pubmedqa,llama3
Is adjustment for reporting heterogeneity necessary in sleep disorders?,"Sleep disorders are common in the general adult population of Japan. Correction for reporting heterogeneity using anchoring vignettes is not a necessary tool for proper management of sleep and energy related problems among Japanese adults. Older age, gender differences in communicating sleep-related problems, the presence of multiple morbidities, and regular exercise should be the focus of policies and clinical practice to improve sleep and energy management in Japan.","According to the provided context, it is mentioned that ""After correction [for reporting heterogeneity], age, the number of comorbidities, and regular exercise were significantly associated with a greater severity of sleep-related problems; sex was no longer a significant factor."" This suggests that adjustment for reporting heterogeneity is necessary in order to accurately estimate the associations between socio-demographic and lifestyle factors and sleep disorders.",hcpc_v2,0.4909,True,0.5493,True,0.2002,pubmedqa,llama3
Do mutations causing low HDL-C promote increased carotid intima-media thickness?,Genetic variants identified in the present study may be insufficient to promote early carotid atherosclerosis.,"According to the provided context, the answer is:

No, despite significantly lower HDL cholesterol (0.67 vs. 1.58 mmol/l) and apolipoprotein A-I levels (96.7 vs. 151.4 mg/dl), cIMT was nearly identical between cases (0.66+/-0.17 cm) and controls (0.65+/-0.18 cm).",baseline,0.4517,True,0.4327,False,-1.0,pubmedqa,llama3
Do mutations causing low HDL-C promote increased carotid intima-media thickness?,Genetic variants identified in the present study may be insufficient to promote early carotid atherosclerosis.,"According to the provided context, it can be inferred that there is a relationship between low HDL resulting from genetic variation and early atherosclerosis, as evidenced by the measurement of carotid intima-media thickness (cIMT) in cases comprising 10 different mutations in LCAT, ABCA1, and APOA1. Therefore, I would answer:

Yes, mutations causing low HDL-C may promote increased carotid intima-media thickness.",hcpc_v1,0.6751,False,0.452,False,-1.0,pubmedqa,llama3
Do mutations causing low HDL-C promote increased carotid intima-media thickness?,Genetic variants identified in the present study may be insufficient to promote early carotid atherosclerosis.,"According to the provided context, the answer is:

No, despite significantly lower HDL cholesterol (0.67 vs. 1.58 mmol/l) and apolipoprotein A-I levels (96.7 vs. 151.4 mg/dl), cIMT was nearly identical between cases (0.66+/-0.17 cm) and controls (0.65+/-0.18 cm).",hcpc_v2,0.4517,True,0.432,True,0.2474,pubmedqa,llama3
A short stay or 23-hour ward in a general and academic children's hospital: are they effective?,This data demonstrates the robust nature of the short stay ward. At these two very different institutions we have shown improved bed efficient and patient care in a cost-effective way. We have also reported on greater parental satisfaction and early return of the child with their family to the community.,"According to the provided context, the answer is:

Yes, the short stay or 23-hour ward was found to be effective. The data showed that it increased hospital efficiency with an average length of stay of 17.5 hours (Westmead Hospital) compared to 20.5 hours (New Children's Hospital). Additionally, there were no adverse events reported at either short stay ward, and parental satisfaction was high.",baseline,0.6008,False,0.7454,False,-1.0,pubmedqa,llama3
A short stay or 23-hour ward in a general and academic children's hospital: are they effective?,This data demonstrates the robust nature of the short stay ward. At these two very different institutions we have shown improved bed efficient and patient care in a cost-effective way. We have also reported on greater parental satisfaction and early return of the child with their family to the community.,"According to the provided context, the answer is:

Yes, the short stay or 23-hour ward was found to be effective. The data showed that it increased hospital efficiency with an average length of stay of 17.5 hours (Westmead Hospital) compared to 20.5 hours (New Children's Hospital). Additionally, there were no adverse events reported at either short stay ward, and parental satisfaction was high.",hcpc_v1,0.6008,False,0.7697,False,-1.0,pubmedqa,llama3
A short stay or 23-hour ward in a general and academic children's hospital: are they effective?,This data demonstrates the robust nature of the short stay ward. At these two very different institutions we have shown improved bed efficient and patient care in a cost-effective way. We have also reported on greater parental satisfaction and early return of the child with their family to the community.,"According to the provided context, the answer is:

Yes, the short stay or 23-hour ward was found to be effective. The data showed that it increased hospital efficiency with an average length of stay of 17.5 hours (Westmead Hospital) compared to 20.5 hours (New Children's Hospital). Additionally, there were no adverse events reported at either short stay ward, and parental satisfaction was high.",hcpc_v2,0.6008,False,0.7454,False,0.7455,pubmedqa,llama3
Did Chile's traffic law reform push police enforcement?,"Findings suggest that traffic law reforms in order to have an effect on both traffic fatality and injury rates reduction require changes in police enforcement practices. Last, this case also illustrates how the diffusion of successful road safety practices globally promoted by WHO and World Bank can be an important influence for enhancing national road safety practices.","According to the provided context, yes, the empirical estimates suggest that the enactment of the traffic law reform in interaction with number of traffic tickets per police officer is significantly associated with a decrease in traffic fatalities and severe injuries. This implies that the traffic law reform did push for increased police enforcement.",baseline,0.7341,False,0.4542,False,-1.0,pubmedqa,llama3
Did Chile's traffic law reform push police enforcement?,"Findings suggest that traffic law reforms in order to have an effect on both traffic fatality and injury rates reduction require changes in police enforcement practices. Last, this case also illustrates how the diffusion of successful road safety practices globally promoted by WHO and World Bank can be an important influence for enhancing national road safety practices.","According to the provided context, yes, there was a police traffic enforcement increment registered after the introduction of Chile's 2005 traffic law.",hcpc_v1,0.526,False,0.4955,False,-1.0,pubmedqa,llama3
Did Chile's traffic law reform push police enforcement?,"Findings suggest that traffic law reforms in order to have an effect on both traffic fatality and injury rates reduction require changes in police enforcement practices. Last, this case also illustrates how the diffusion of successful road safety practices globally promoted by WHO and World Bank can be an important influence for enhancing national road safety practices.","According to the provided context, yes, the empirical estimates suggest that the enactment of the traffic law reform in interaction with number of traffic tickets per police officer is significantly associated with a decrease in traffic fatalities and severe injuries. This implies that the traffic law reform did push for increased police enforcement.",hcpc_v2,0.7341,False,0.453,True,0.2486,pubmedqa,llama3
Therapeutic anticoagulation in the trauma patient: is it safe?,"Trauma patients have a significant complication rate related to anticoagulation therapy, and predicting which patients will develop a complication remains unclear. Prospective studies are needed to determine which treatment regimen, if any, is appropriate to safely anticoagulate this high risk population.","According to the provided context, therapeutic anticoagulation in trauma patients can be associated with complications. The study found that 21% of patients had at least one anticoagulation complication, and certain factors such as chronic obstructive pulmonary disease, use of unfractionated heparin, and lower initial platelet count were identified as being associated with these complications.",baseline,0.6448,False,0.5645,False,-1.0,pubmedqa,llama3
Therapeutic anticoagulation in the trauma patient: is it safe?,"Trauma patients have a significant complication rate related to anticoagulation therapy, and predicting which patients will develop a complication remains unclear. Prospective studies are needed to determine which treatment regimen, if any, is appropriate to safely anticoagulate this high risk population.","According to the provided context, 24 patients (21%) had at least one anticoagulation complication. Additionally, three patients died due to significant hemorrhage attributed to anticoagulation. This suggests that therapeutic anticoagulation in trauma patients may not be entirely safe, as it can lead to complications and even death.",hcpc_v1,0.4973,True,0.5845,False,-1.0,pubmedqa,llama3
Therapeutic anticoagulation in the trauma patient: is it safe?,"Trauma patients have a significant complication rate related to anticoagulation therapy, and predicting which patients will develop a complication remains unclear. Prospective studies are needed to determine which treatment regimen, if any, is appropriate to safely anticoagulate this high risk population.","According to the provided context, therapeutic anticoagulation in trauma patients was associated with complications in 21% of patients. The most common complication was a sudden drop in hemoglobin concentration requiring blood transfusion (11 patients). Five patients died (4%), 3 of whom had significant hemorrhage attributed to anticoagulation. Factors associated with complications included chronic obstructive pulmonary disease, use of unfractionated heparin, and lower initial platelet count.

So, based on the context, it can be concluded that therapeutic anticoagulation in trauma patients is not entirely safe, as it was associated with a significant number of complications.",hcpc_v2,0.5609,False,0.5655,True,0.2855,pubmedqa,llama3
Differentiation of nonalcoholic from alcoholic steatohepatitis: are routine laboratory markers useful?,"Higher MCVs and AST/ALT ratios in ASH reflect the severity of underlying liver disease and do not differentiate NASH from ASH. Instead, these biomarkers might prove useful in guiding selection of patients for liver biopsy and in targeting therapy.","According to the provided context, yes, routine laboratory parameters can be used to differentiate nonalcoholic (NASH) from alcoholic steatohepatitis (ASH). The study found that high-grade fibrosis, an AST/ALT ratio >1, and elevated MCV were more common in ASH patients. Multivariate analysis identified MCV, AST/ALT ratio, and sex as relevant regressors for distinguishing NASH from ASH.",baseline,0.5445,False,0.4617,False,-1.0,pubmedqa,llama3
Differentiation of nonalcoholic from alcoholic steatohepatitis: are routine laboratory markers useful?,"Higher MCVs and AST/ALT ratios in ASH reflect the severity of underlying liver disease and do not differentiate NASH from ASH. Instead, these biomarkers might prove useful in guiding selection of patients for liver biopsy and in targeting therapy.","According to the provided context, yes, routine laboratory parameters were investigated for their role in distinguishing nonalcoholic steatohepatitis (NASH) from alcoholic steatohepatitis (ASH). The specific markers or results of this investigation are not mentioned in the context, but it is stated that liver function parameters and surgical complication rates did not differ significantly between NASH and ASH.",hcpc_v1,0.547,False,0.4882,False,-1.0,pubmedqa,llama3
Differentiation of nonalcoholic from alcoholic steatohepatitis: are routine laboratory markers useful?,"Higher MCVs and AST/ALT ratios in ASH reflect the severity of underlying liver disease and do not differentiate NASH from ASH. Instead, these biomarkers might prove useful in guiding selection of patients for liver biopsy and in targeting therapy.","According to the provided context, yes, routine laboratory parameters can be used to differentiate nonalcoholic (NASH) from alcoholic steatohepatitis (ASH). The study found that high-grade fibrosis, an AST/ALT ratio >1, and elevated MCV were more common in ASH patients. Multivariate analysis identified MCV, AST/ALT ratio, and sex as relevant regressors for distinguishing NASH from ASH.",hcpc_v2,0.5445,False,0.4614,True,0.3454,pubmedqa,llama3
Prompting Primary Care Providers about Increased Patient Risk As a Result of Family History: Does It Work?,"No change occurred upon instituting simple, at-the-visit family history prompts geared to improve PCPs' ability to identify patients at high risk for 6 common conditions. The results are both surprising and disappointing. Further studies should examine physicians' perception of the utility of prompts for family history risk.","According to the provided context, the study found that:

* Of the 695 visits where physician responses were reviewed, family history was discussed in 159 (22.9%) visits.
* There was no significant change in problem summary list documentation of risk status or screening interventions for any of the 6 diseases.

So, the answer to your question is: Yes, prompting primary care providers about increased patient risk as a result of family history does work, but only in a small percentage (22.9%) of visits.",baseline,0.4546,True,0.5966,False,-1.0,pubmedqa,llama3
Prompting Primary Care Providers about Increased Patient Risk As a Result of Family History: Does It Work?,"No change occurred upon instituting simple, at-the-visit family history prompts geared to improve PCPs' ability to identify patients at high risk for 6 common conditions. The results are both surprising and disappointing. Further studies should examine physicians' perception of the utility of prompts for family history risk.","According to the provided context, yes, prompting primary care providers (PCPs) about increased patient risk as a result of family history does work. The study found that:

* 372 visits had documentation of response to a family history prompt (53.5%)
* 159 visits had discussion of family history (22.9%)
* 5 visits had review of family history and ordered tests/referrals (0.7%)

This suggests that the automated, at-the-visit tailored prompts about family history risk did change PCP behavior and led to increased screening for certain diseases.",hcpc_v1,0.6024,False,0.5793,False,-1.0,pubmedqa,llama3
Prompting Primary Care Providers about Increased Patient Risk As a Result of Family History: Does It Work?,"No change occurred upon instituting simple, at-the-visit family history prompts geared to improve PCPs' ability to identify patients at high risk for 6 common conditions. The results are both surprising and disappointing. Further studies should examine physicians' perception of the utility of prompts for family history risk.","According to the provided context, the study found that:

* Of the 695 visits where physician responses were reviewed, family history was discussed in 159 (22.9%) visits.
* The main outcome measures were PCP response to the prompts, adding family history risk to problem summary lists, and patient screening status for each disease.
* There was no significant change in problem summary list documentation of risk status or screening interventions for any of the 6 diseases.

So, based on this context, it appears that prompting primary care providers about increased patient risk as a result of family history does lead to some discussion of family history (22.9% of visits), but it did not significantly change the problem summary list documentation of risk status or screening interventions for any of the 6 diseases.",hcpc_v2,0.5585,False,0.5972,True,0.3458,pubmedqa,llama3
Do emergency ultrasound fellowship programs impact emergency medicine residents' ultrasound education?,Emergency US fellowship programs had a positive impact on residents' US educational experiences. Emergency medicine residents performed more scans overall and also used bedside US for more advanced applications in programs with EUS fellowships.,"According to the provided context, yes, emergency ultrasound fellowship programs do impact emergency medicine residents' ultrasound education. The study found that residents in programs with EUS fellowships reported performing more scans than those in programs without fellowships (P = .04), and there were significant differences in most applications of bedside US between residency programs with and without fellowships (P<.05).",baseline,0.7042,False,0.5411,False,-1.0,pubmedqa,llama3
Do emergency ultrasound fellowship programs impact emergency medicine residents' ultrasound education?,Emergency US fellowship programs had a positive impact on residents' US educational experiences. Emergency medicine residents performed more scans overall and also used bedside US for more advanced applications in programs with EUS fellowships.,"According to the provided context, yes, emergency ultrasound fellowship programs do impact emergency medicine residents' ultrasound education. The study found significant differences in most applications of bedside US between residency programs with and without fellowships (P<.05).",hcpc_v1,0.6954,False,0.5521,False,-1.0,pubmedqa,llama3
Do emergency ultrasound fellowship programs impact emergency medicine residents' ultrasound education?,Emergency US fellowship programs had a positive impact on residents' US educational experiences. Emergency medicine residents performed more scans overall and also used bedside US for more advanced applications in programs with EUS fellowships.,"According to the provided context, yes, emergency ultrasound fellowship programs do impact emergency medicine residents' ultrasound education. The study found that residents in programs with EUS fellowships reported performing more scans than those in programs without fellowships (P = .04), and there were significant differences in most applications of bedside US between residency programs with and without fellowships (P<.05).",hcpc_v2,0.7042,False,0.5398,True,0.2159,pubmedqa,llama3
Patient-Controlled Therapy of Breathlessness in Palliative Care: A New Therapeutic Concept for Opioid Administration?,Opioid PCT is a feasible and acceptable therapeutic method to reduce refractory breathlessness in palliative care patients.,"I can answer that! The provided context is about a pilot observational study investigating whether intravenous opioid patient-controlled therapy (PCT) can be an effective therapeutic method to reduce breathlessness in patients with advanced disease. Therefore, the answer is:

**Yes**, Patient-Controlled Therapy of Breathlessness in Palliative Care: A New Therapeutic Concept for Opioid Administration?",baseline,0.6033,False,0.5372,False,-1.0,pubmedqa,llama3
Patient-Controlled Therapy of Breathlessness in Palliative Care: A New Therapeutic Concept for Opioid Administration?,Opioid PCT is a feasible and acceptable therapeutic method to reduce refractory breathlessness in palliative care patients.,"The answer to your question is: Yes. According to the provided context, the study investigated whether intravenous opioid Patient-Controlled Therapy (PCT) can be an effective therapeutic method to reduce breathlessness in patients with advanced disease.",hcpc_v1,0.6968,False,0.5627,False,-1.0,pubmedqa,llama3
Patient-Controlled Therapy of Breathlessness in Palliative Care: A New Therapeutic Concept for Opioid Administration?,Opioid PCT is a feasible and acceptable therapeutic method to reduce refractory breathlessness in palliative care patients.,"I can answer that! The provided context is about a pilot observational study investigating whether intravenous opioid patient-controlled therapy (PCT) can be an effective therapeutic method to reduce breathlessness in patients with advanced disease. Therefore, the answer is:

**Yes**, Patient-Controlled Therapy of Breathlessness in Palliative Care: A New Therapeutic Concept for Opioid Administration?",hcpc_v2,0.6033,False,0.5367,True,0.4223,pubmedqa,llama3
Is there still a need for living-related liver transplantation in children?,"The short- and long-term outcomes after LRT and SLT did not differ significantly. To avoid the risk for the donor in LRT, SLT represents the first-line therapy in pediatric liver transplantation in countries where cadaveric organs are available. LRT provides a solution for urgent cases in which a cadaveric graft cannot be found in time or if the choice of the optimal time point for transplantation is vital.","I cannot find this information in the provided context. The context only discusses split-liver transplantation and living-related liver transplantation, but does not mention children specifically.",baseline,0.5112,False,0.4627,False,-1.0,pubmedqa,llama3
Is there still a need for living-related liver transplantation in children?,"The short- and long-term outcomes after LRT and SLT did not differ significantly. To avoid the risk for the donor in LRT, SLT represents the first-line therapy in pediatric liver transplantation in countries where cadaveric organs are available. LRT provides a solution for urgent cases in which a cadaveric graft cannot be found in time or if the choice of the optimal time point for transplantation is vital.","The combination of SLT (split-liver transplantation) and LRT (living-related transplantation) has abolished deaths on the waiting list, thus raising the question whether living donor liver transplantation is still necessary. This suggests that there may not be a need for living-related liver transplantation in children anymore, as SLT and LRT have achieved similar results without the need for donors.",hcpc_v1,0.3625,True,0.4706,False,-1.0,pubmedqa,llama3
Is there still a need for living-related liver transplantation in children?,"The short- and long-term outcomes after LRT and SLT did not differ significantly. To avoid the risk for the donor in LRT, SLT represents the first-line therapy in pediatric liver transplantation in countries where cadaveric organs are available. LRT provides a solution for urgent cases in which a cadaveric graft cannot be found in time or if the choice of the optimal time point for transplantation is vital.","I cannot find this information in the provided context. The context only discusses the comparison of outcomes and postoperative liver function between split-liver transplantation (SLT) and living-related liver transplantation (LRT), but does not mention anything about children or the need for LRT in children specifically.",hcpc_v2,0.5447,False,0.4627,True,0.3454,pubmedqa,llama3
Do patterns of knowledge and attitudes exist among unvaccinated seniors?,Findings suggest that cluster analyses may be useful in identifying groups for targeted health messages.,"Yes, according to the provided context, patterns of knowledge and attitudes do exist among unvaccinated seniors. The study identified 4 clusters: Potentials, Fearful Uninformeds, Doubters, and Misinformeds, which suggests that there are distinct patterns of knowledge and attitudes among unvaccinated seniors.",baseline,0.5433,False,0.4733,False,-1.0,pubmedqa,llama3
Do patterns of knowledge and attitudes exist among unvaccinated seniors?,Findings suggest that cluster analyses may be useful in identifying groups for targeted health messages.,"Yes, according to the provided context, patterns of knowledge and attitudes do exist among unvaccinated seniors. The survey identified 4 clusters: Potentials, Fearful Uninformeds, Doubters, and Misinformeds, each with distinct characteristics regarding their immunization-related knowledge and attitudes.",hcpc_v1,0.5353,False,0.4895,False,-1.0,pubmedqa,llama3
Do patterns of knowledge and attitudes exist among unvaccinated seniors?,Findings suggest that cluster analyses may be useful in identifying groups for targeted health messages.,"Yes, according to the provided context, patterns of knowledge and attitudes do exist among unvaccinated seniors. The study identified 4 clusters: Potentials, Fearful Uninformeds, Doubters, and Misinformeds, which suggests that there are distinct patterns of knowledge and attitudes among unvaccinated seniors.",hcpc_v2,0.5433,False,0.4733,True,0.344,pubmedqa,llama3
Is there a model to teach and practice retroperitoneoscopic nephrectomy?,RPN in a porcine model is feasible and could be very useful for teaching and practicing retroperitoneoscopy.,"Yes. According to the provided context, the study aims to develop a training model for retroperitoneoscopy and establish an experimental learning curve. Fifteen piglets were operated on to develop a standard retroperitoneoscopic nephrectomy (RPN) training model. The answer is explicitly stated in the context: ""We performed fifteen RPNs.""",baseline,0.721,False,0.5035,False,-1.0,pubmedqa,llama3
Is there a model to teach and practice retroperitoneoscopic nephrectomy?,RPN in a porcine model is feasible and could be very useful for teaching and practicing retroperitoneoscopy.,"Yes, according to the provided context, a training model for retroperitoneoscopy was developed using 15 piglets to create a standard retroperitoneoscopic nephrectomy (RPN) training model.",hcpc_v1,0.6305,False,0.5595,False,-1.0,pubmedqa,llama3
Is there a model to teach and practice retroperitoneoscopic nephrectomy?,RPN in a porcine model is feasible and could be very useful for teaching and practicing retroperitoneoscopy.,"Yes, according to the provided context, there is a training model for retroperitoneoscopy. The study developed a standard retroperitoneoscopic nephrectomy (RPN) training model using 15 piglets and recorded intraoperative data such as operative time, blood loss, and peritoneal opening.",hcpc_v2,0.6513,False,0.5031,True,0.2939,pubmedqa,llama3
Cardiovascular risk in a rural adult West African population: is resting heart rate also relevant?,Significant associations were observed between RHR and several established cardiovascular risk factors. Prospective studies are needed in sub-Saharan African populations to establish the potential value of RHR in cardiovascular risk assessment.,"According to the context, yes, resting heart rate (RHR) is relevant. The study found that RHR was elevated (>90 bpm) in 19% of participants and was significantly associated with age, waist circumference, and blood pressure. Additionally, individuals with an elevated RHR had a higher risk of casual high blood pressure compared to those with normal RHR, independently of several established cardiovascular disease (CVD) risk factors.",baseline,0.6375,False,0.5505,False,-1.0,pubmedqa,llama3
Cardiovascular risk in a rural adult West African population: is resting heart rate also relevant?,Significant associations were observed between RHR and several established cardiovascular risk factors. Prospective studies are needed in sub-Saharan African populations to establish the potential value of RHR in cardiovascular risk assessment.,"According to the provided context, yes, resting heart rate (RHR) was found to be elevated (>90 bpm) in 19% of the study participants. Additionally, RHR was significantly associated with age, waist circumference, and blood pressure. This suggests that RHR may be a relevant factor in assessing cardiovascular risk in this rural adult West African population.",hcpc_v1,0.7918,False,0.5742,False,-1.0,pubmedqa,llama3
Cardiovascular risk in a rural adult West African population: is resting heart rate also relevant?,Significant associations were observed between RHR and several established cardiovascular risk factors. Prospective studies are needed in sub-Saharan African populations to establish the potential value of RHR in cardiovascular risk assessment.,"According to the context, yes, resting heart rate (RHR) is relevant. The study found that RHR was elevated (>90 bpm) in 19% of participants and was significantly associated with age, waist circumference, and blood pressure. Additionally, individuals with an elevated RHR had a higher risk of casual high blood pressure compared to those with normal RHR, independently of several established cardiovascular disease (CVD) risk factors.",hcpc_v2,0.6375,False,0.5492,True,0.3774,pubmedqa,llama3
Israeli hospital preparedness for terrorism-related multiple casualty incidents: can the surge capacity and injury severity distribution be better predicted?,Hospital preparedness can be better defined by a fixed number of casualties rather than a percentile of its bed capacity. Only 20% of the arriving casualties will require immediate medical treatment. Implementation of this concept may improve the utilisation of national emergency health resources both in the preparation phase and on real time.,I cannot find this information in the provided context. The context only discusses Hospital Multiple Casualty Incidents (HMCI) and does not mention predicting surge capacity or injury severity distribution for terrorism-related multiple casualty incidents.,baseline,0.4847,True,0.557,False,-1.0,pubmedqa,llama3
Israeli hospital preparedness for terrorism-related multiple casualty incidents: can the surge capacity and injury severity distribution be better predicted?,Hospital preparedness can be better defined by a fixed number of casualties rather than a percentile of its bed capacity. Only 20% of the arriving casualties will require immediate medical treatment. Implementation of this concept may improve the utilisation of national emergency health resources both in the preparation phase and on real time.,I cannot find this information in the provided context. The text does not mention predicting surge capacity or injury severity distribution. It only discusses the definition of Hospital Multiple Casualty Incidents (HMCI) and the outcome measures used to evaluate hospital readiness for such incidents.,hcpc_v1,0.7008,False,0.5462,False,-1.0,pubmedqa,llama3
Israeli hospital preparedness for terrorism-related multiple casualty incidents: can the surge capacity and injury severity distribution be better predicted?,Hospital preparedness can be better defined by a fixed number of casualties rather than a percentile of its bed capacity. Only 20% of the arriving casualties will require immediate medical treatment. Implementation of this concept may improve the utilisation of national emergency health resources both in the preparation phase and on real time.,"I cannot find this information in the provided context. The text does not mention ""surge capacity"" or ""injury severity distribution"" in relation to Israeli hospital preparedness for terrorism-related multiple casualty incidents.",hcpc_v2,0.4825,True,0.5639,True,0.366,pubmedqa,llama3
Acute respiratory distress syndrome in children with malignancy--can we predict outcome?,"Peak inspiratory pressure, PEEP, and ventilation index values could distinguish survivors from nonsurvivors by day 3. This may assist in early application of supportive nonconventional therapies in children with malignancy and ARDS.","Yes, according to the provided context, peak inspiratory pressure, positive end-expiratory pressure (PEEP), and ventilation index values could distinguish outcome by day 3. Additionally, a significant relationship between respiratory data and outcome related to efficiency of oxygenation, as determined by PaO(2)/FIO(2) and P(A-a)O(2), was present from day 8 after onset of mechanical ventilation.",baseline,0.5851,False,0.5796,False,-1.0,pubmedqa,llama3
Acute respiratory distress syndrome in children with malignancy--can we predict outcome?,"Peak inspiratory pressure, PEEP, and ventilation index values could distinguish survivors from nonsurvivors by day 3. This may assist in early application of supportive nonconventional therapies in children with malignancy and ARDS.","According to the provided context, yes, it is possible to predict outcome. The study aimed to ""delineate early respiratory predictors of mortality"" in children with hemato-oncology malignancy who developed acute respiratory distress syndrome (ARDS).",hcpc_v1,0.7267,False,0.5889,False,-1.0,pubmedqa,llama3
Acute respiratory distress syndrome in children with malignancy--can we predict outcome?,"Peak inspiratory pressure, PEEP, and ventilation index values could distinguish survivors from nonsurvivors by day 3. This may assist in early application of supportive nonconventional therapies in children with malignancy and ARDS.","Yes, according to the provided context, peak inspiratory pressure, positive end-expiratory pressure (PEEP), and ventilation index values could distinguish outcome by day 3. Additionally, a significant relationship between respiratory data and outcome related to efficiency of oxygenation, as determined by PaO(2)/FIO(2) and P(A-a)O(2), was present from day 8 after onset of mechanical ventilation.",hcpc_v2,0.5851,False,0.5813,True,0.4223,pubmedqa,llama3
Secondhand smoke risk in infants discharged from an NICU: potential for significant health disparities?,"The most disadvantaged families were least likely to have protective health behaviors in place to reduce SHSe and, consequently, are most at-risk for tobacco exposure and subsequent tobacco-related health disparities. Innovative SHSe interventions for this vulnerable population are sorely needed.","According to the provided context, it can be inferred that secondhand smoke exposure (SHSe) is a threat to fragile infants discharged from a neonatal intensive care unit (NICU). The study found that 26% of families with a high-risk infant in the NICU reported having a household smoker. Additionally, socioeconomic status and race were hypothesized to be related to SHSe and household smoking bans.

The context also highlights significant disparities in smoking ban prevalence based on income, with only 27.8% of families earning less than $25,000 reporting a total smoking ban compared to almost 60% of families earning more (p<0.01). African American and Caucasian families were less likely to have a smoking ban compared to Hispanics (p<0.05).

Therefore, it can be concluded that secondhand smoke risk in infants discharged from an NICU is indeed a potential for significant health disparities, particularly based on socioeconomic status and race.",baseline,0.4955,True,0.513,False,-1.0,pubmedqa,llama3
Secondhand smoke risk in infants discharged from an NICU: potential for significant health disparities?,"The most disadvantaged families were least likely to have protective health behaviors in place to reduce SHSe and, consequently, are most at-risk for tobacco exposure and subsequent tobacco-related health disparities. Innovative SHSe interventions for this vulnerable population are sorely needed.","According to the provided context, it is mentioned that ""26% of all families with a high-risk infant in the NICU reported a household smoker."" Additionally, it is stated that ""Only 27.8% families earning less than $25,000 reported having a total smoking ban in place relative to almost 60% of families earning more (p<.01)"". This suggests that there may be a significant health disparity related to secondhand smoke risk in infants discharged from an NICU, particularly for those from low-income households.",hcpc_v1,0.4415,True,0.5185,False,-1.0,pubmedqa,llama3
Secondhand smoke risk in infants discharged from an NICU: potential for significant health disparities?,"The most disadvantaged families were least likely to have protective health behaviors in place to reduce SHSe and, consequently, are most at-risk for tobacco exposure and subsequent tobacco-related health disparities. Innovative SHSe interventions for this vulnerable population are sorely needed.","According to the provided context, it can be inferred that secondhand smoke exposure (SHSe) is a threat to fragile infants discharged from a neonatal intensive care unit (NICU). The study found that 26% of families with a high-risk infant in the NICU reported having a household smoker. Additionally, socioeconomic status was hypothesized to be related to SHSe and household smoking bans.

The context also highlights significant disparities in smoking ban implementation based on income level, with only 27.8% of families earning less than $25,000 reporting a total smoking ban in place compared to almost 60% of families earning more (p<0.01).

Therefore, it can be concluded that secondhand smoke risk is a potential health disparity for infants discharged from an NICU, particularly for those from low-income households.",hcpc_v2,0.5135,False,0.513,True,0.1215,pubmedqa,llama3
Do nomograms designed to predict biochemical recurrence (BCR) do a better job of predicting more clinically relevant prostate cancer outcomes than BCR?,"Currently available nomograms used to predict BCR accurately predict PCSM and other more clinically relevant endpoints. Moreover, not only do they significantly predict PCSM, but do so with generally greater accuracy than BCR.","According to the provided context, yes, the nomograms designed to predict biochemical recurrence (BCR) do a better job of predicting more clinically relevant prostate cancer outcomes than BCR. The text states that ""they all predicted PCSM more accurately than they predicted BCR (ie, with higher c-index values)"".",baseline,0.6467,False,0.6278,False,-1.0,pubmedqa,llama3
Do nomograms designed to predict biochemical recurrence (BCR) do a better job of predicting more clinically relevant prostate cancer outcomes than BCR?,"Currently available nomograms used to predict BCR accurately predict PCSM and other more clinically relevant endpoints. Moreover, not only do they significantly predict PCSM, but do so with generally greater accuracy than BCR.","According to the provided context, yes, the nomograms designed to predict biochemical recurrence (BCR) do a better job of predicting more clinically relevant prostate cancer outcomes than BCR. The text states that ""they all predicted PCSM more accurately than they predicted BCR (ie, with higher c-index values)"".",hcpc_v1,0.6467,False,0.6251,False,-1.0,pubmedqa,llama3
Do nomograms designed to predict biochemical recurrence (BCR) do a better job of predicting more clinically relevant prostate cancer outcomes than BCR?,"Currently available nomograms used to predict BCR accurately predict PCSM and other more clinically relevant endpoints. Moreover, not only do they significantly predict PCSM, but do so with generally greater accuracy than BCR.","According to the provided context, yes, the nomograms designed to predict biochemical recurrence (BCR) do a better job of predicting more clinically relevant prostate cancer outcomes than BCR. The text states that ""they all predicted PCSM more accurately than they predicted BCR (ie, with higher c-index values)"".",hcpc_v2,0.6467,False,0.626,True,0.3448,pubmedqa,llama3
Are reports of mechanical dysfunction in chronic oro-facial pain related to somatisation?,"Self-reported mechanical factors associated with chronic oro-facial pain are confounded, in part, by psychological factors and are equally common across other frequently unexplained syndromes. They may represent another feature of somatisation. Therefore the use of extensive invasive therapy such as occlusal adjustments and surgery to change mechanical factors may not be justified in many cases.",I cannot find this information in the provided context.,baseline,0.5531,False,0.585,False,-1.0,pubmedqa,llama3
Are reports of mechanical dysfunction in chronic oro-facial pain related to somatisation?,"Self-reported mechanical factors associated with chronic oro-facial pain are confounded, in part, by psychological factors and are equally common across other frequently unexplained syndromes. They may represent another feature of somatisation. Therefore the use of extensive invasive therapy such as occlusal adjustments and surgery to change mechanical factors may not be justified in many cases.","According to the provided context, it seems that teeth grinding (OR 2.0, 95% CI 1.3-3.0) and facial trauma (OR 2.0; 95% CI 1.3-2.9) are independently associated with chronic oro-facial pain after adjusting for psychological factors. This suggests a possible relationship between reports of mechanical dysfunction in chronic oro-facial pain and somatisation, as the study controlled for psychological factors.",hcpc_v1,0.5009,False,0.6155,False,-1.0,pubmedqa,llama3
Are reports of mechanical dysfunction in chronic oro-facial pain related to somatisation?,"Self-reported mechanical factors associated with chronic oro-facial pain are confounded, in part, by psychological factors and are equally common across other frequently unexplained syndromes. They may represent another feature of somatisation. Therefore the use of extensive invasive therapy such as occlusal adjustments and surgery to change mechanical factors may not be justified in many cases.",I cannot find this information in the provided context.,hcpc_v2,0.5531,False,0.5882,True,0.0699,pubmedqa,llama3
Amblyopia: is visual loss permanent?,Older people with a history of amblyopia who develop visual loss in the previously normal eye can experience recovery of visual function in the amblyopic eye over a period of time. This recovery in visual function occurs in the wake of visual loss in the fellow eye and the improvement appears to be sustained.,I cannot find this information in the provided context.,baseline,0.5531,False,0.5044,False,-1.0,pubmedqa,llama3
Amblyopia: is visual loss permanent?,Older people with a history of amblyopia who develop visual loss in the previously normal eye can experience recovery of visual function in the amblyopic eye over a period of time. This recovery in visual function occurs in the wake of visual loss in the fellow eye and the improvement appears to be sustained.,"I cannot find this information in the provided context. The context only mentions that some patients had a history of amblyopia, but it does not provide any information about whether amblyopia is permanent or not.",hcpc_v1,0.5167,False,0.6298,False,-1.0,pubmedqa,llama3
Amblyopia: is visual loss permanent?,Older people with a history of amblyopia who develop visual loss in the previously normal eye can experience recovery of visual function in the amblyopic eye over a period of time. This recovery in visual function occurs in the wake of visual loss in the fellow eye and the improvement appears to be sustained.,I cannot find this information in the provided context.,hcpc_v2,0.5531,False,0.5044,True,0.6825,pubmedqa,llama3
Implementation of epidural analgesia for labor: is the standard of effective analgesia reachable in all women?,"Present audit shows that the process of implementation of labor analgesia was quick, successful and safe, notwithstanding the identification of one cluster of women with suboptimal response to epidural analgesia that need to be further studies, overall pregnant womens'adhesion to labor analgesia was satisfactory.","According to the provided context, yes, the standard of effective analgesia (Implementation of epidural analgesia for labor) was reached in most women. The text states that ""During the audit period epidural analgesia increased from 15.5% of all labors in the first trimester of the study to 51% in the last trimester (p<0.005)."" This suggests that the implementation of epidural analgesia for labor was successful and reached a significant percentage of women by the end of the audit period.",baseline,0.5313,False,0.5077,False,-1.0,pubmedqa,llama3
Implementation of epidural analgesia for labor: is the standard of effective analgesia reachable in all women?,"Present audit shows that the process of implementation of labor analgesia was quick, successful and safe, notwithstanding the identification of one cluster of women with suboptimal response to epidural analgesia that need to be further studies, overall pregnant womens'adhesion to labor analgesia was satisfactory.","According to the provided context, yes, the standard of implementing epidural analgesia for labor to all patients was reached. The text states that ""Implementation of epidural analgesia for labor to all patients"" is one of the 4 standards measured during the audit cycle, and it is reported that epidural analgesia increased from 15.5% in the first trimester to 51% in the last trimester, indicating a significant increase in its implementation.",hcpc_v1,0.5659,False,0.5111,False,-1.0,pubmedqa,llama3
Implementation of epidural analgesia for labor: is the standard of effective analgesia reachable in all women?,"Present audit shows that the process of implementation of labor analgesia was quick, successful and safe, notwithstanding the identification of one cluster of women with suboptimal response to epidural analgesia that need to be further studies, overall pregnant womens'adhesion to labor analgesia was satisfactory.","According to the provided context, yes, the standard of effective analgesia (Implementation of epidural analgesia for labor) was reached in most women. The text states that ""During the audit period epidural analgesia increased from 15.5% of all labors in the first trimester of the study to 51% in the last trimester (p<0.005)."" This suggests that the implementation of epidural analgesia for labor was successful and reached a significant percentage of women by the end of the audit period.",hcpc_v2,0.5313,False,0.5042,True,0.2731,pubmedqa,llama3
Does HER2 immunoreactivity provide prognostic information in locally advanced urothelial carcinoma patients receiving adjuvant M-VEC chemotherapy?,HER2 immunoreactivity might have a limited prognostic value for advanced urothelial carcinoma patients with adjuvant M-VEC.,"According to the provided context, yes, HER2 immunoreactivity was a significant prognostic factor for progression-free survival (PFS) and disease-specific overall survival (OS) in advanced urothelial carcinoma patients receiving adjuvant M-VEC chemotherapy. Additionally, it was found to be a strong and independent prognostic indicator for clinical outcome in these patients.",baseline,0.688,False,0.6943,False,-1.0,pubmedqa,llama3
Does HER2 immunoreactivity provide prognostic information in locally advanced urothelial carcinoma patients receiving adjuvant M-VEC chemotherapy?,HER2 immunoreactivity might have a limited prognostic value for advanced urothelial carcinoma patients with adjuvant M-VEC.,"According to the provided context, yes, HER2 immunoreactivity was a significant prognostic factor for progression-free survival (PFS) and disease-specific overall survival (OS) in advanced urothelial carcinoma patients receiving adjuvant M-VEC chemotherapy.",hcpc_v1,0.7364,False,0.6945,False,-1.0,pubmedqa,llama3
Does HER2 immunoreactivity provide prognostic information in locally advanced urothelial carcinoma patients receiving adjuvant M-VEC chemotherapy?,HER2 immunoreactivity might have a limited prognostic value for advanced urothelial carcinoma patients with adjuvant M-VEC.,"According to the provided context, yes, HER2 immunoreactivity was a significant prognostic factor for progression-free survival (PFS) and disease-specific overall survival (OS) in advanced urothelial carcinoma patients receiving adjuvant M-VEC chemotherapy. Additionally, it was found that HER2 immunoreactivity was a significant prognostic factor for PFS and OS using univariate analysis, but not multivariate analysis, and not for patients receiving watchful waiting.",hcpc_v2,0.5843,False,0.6939,True,0.3373,pubmedqa,llama3
Is halofantrine ototoxic?,"Halofantrine has mild to moderate pathological effects on cochlea histology, and can be considered an ototoxic drug.","Yes, according to the provided context, halofantrine is ototoxic. The study found that in the halofantrine therapeutic dose group, there was loss and distortion of inner hair cells and inner phalangeal cells, and loss of spiral ganglia cells. In the halofantrine double therapeutic dose group, the inner and outer hair cells were distorted, and there was loss of spiral ganglia cells.",baseline,0.6668,False,0.3795,False,-1.0,pubmedqa,llama3
Is halofantrine ototoxic?,"Halofantrine has mild to moderate pathological effects on cochlea histology, and can be considered an ototoxic drug.",I cannot find information about ototoxicity in the provided context.,hcpc_v1,0.439,True,0.3884,False,-1.0,pubmedqa,llama3
Is halofantrine ototoxic?,"Halofantrine has mild to moderate pathological effects on cochlea histology, and can be considered an ototoxic drug.","Yes, according to the provided context, halofantrine is ototoxic. The study found loss and distortion of inner hair cells and inner phalangeal cells, as well as loss of spiral ganglia cells in both the halofantrine therapeutic dose group and the halofantrine double therapeutic dose group.",hcpc_v2,0.7534,False,0.3813,True,0.0609,pubmedqa,llama3
Visceral adipose tissue area measurement at a single level: can it represent visceral adipose tissue volume?,"VAT area measurement at a single level 3 cm above the lower margin of the L3 vertebra is feasible and can reflect changes in VAT volume and body weight. Advances in knowledge: As VAT area at a CT slice 3cm above the lower margin of L3 can best reflect interval changes in VAT volume and body weight, VAT area measurement should be selected at this location.","According to the provided context, yes, visceral adipose tissue (VAT) area measurement at a specific slice location (3 cm above the lower margin of L3) can best reflect changes in VAT volume and body weight. The study found strong correlations between VAT area and VAT volume changes (r = 0.853) and body weight changes (r = 0.902).",baseline,0.5278,False,0.3739,False,-1.0,pubmedqa,llama3
Visceral adipose tissue area measurement at a single level: can it represent visceral adipose tissue volume?,"VAT area measurement at a single level 3 cm above the lower margin of the L3 vertebra is feasible and can reflect changes in VAT volume and body weight. Advances in knowledge: As VAT area at a CT slice 3cm above the lower margin of L3 can best reflect interval changes in VAT volume and body weight, VAT area measurement should be selected at this location.","According to the provided context, yes, visceral adipose tissue area measurement at a single level can best reflect changes in VAT volume and body weight. This is stated as the purpose of the study: ""to determine the CT slice location where VAT area can best reflect changes in VAT volume and body weight"".",hcpc_v1,0.7232,False,0.4057,False,-1.0,pubmedqa,llama3
Visceral adipose tissue area measurement at a single level: can it represent visceral adipose tissue volume?,"VAT area measurement at a single level 3 cm above the lower margin of the L3 vertebra is feasible and can reflect changes in VAT volume and body weight. Advances in knowledge: As VAT area at a CT slice 3cm above the lower margin of L3 can best reflect interval changes in VAT volume and body weight, VAT area measurement should be selected at this location.","According to the provided context, yes, visceral adipose tissue (VAT) area measured at a specific slice location (3 cm above the lower margin of L3) can best reflect changes in VAT volume and body weight. The text states that ""The strongest correlations of VAT area with VAT volume and body weight changes were shown in a slice 3 cm above the lower margin of L3 with r values of 0.853 and 0.902, respectively.""",hcpc_v2,0.5845,False,0.3739,True,0.2226,pubmedqa,llama3
