question,ground_truth,answer,condition,faithfulness_score,is_hallucination,mean_retrieval_similarity,refined,ccs,dataset,sub_chunk,model
Do mitochondria play a role in remodelling lace plant leaves during programmed cell death?,"Results depicted mitochondrial dynamics in vivo as PCD progresses within the lace plant, and highlight the correlation of this organelle with other organelles during developmental PCD. To the best of our knowledge, this is the first report of mitochondria and chloroplasts moving on transvacuolar strands to form a ring structure surrounding the nucleus during developmental PCD. Also, for the first time, we have shown the feasibility for the use of CsA in a whole plant system. Overall, our findings implicate the mitochondria as playing a critical and early role in developmentally regulated PCD in the lace plant."," Yes, according to the provided context, mitochondria do play a role in remodeling lace plant leaves during programmed cell death (PCD). The text states that the role of mitochondria during PCD has been elucidated in the lace plant and that mitochondrial dynamics were delineated into different categories based on characteristics such as distribution, motility, and membrane potential. Additionally, the possible importance of mitochondrial permeability transition pore (PTP) formation during PCD was indirectly examined, suggesting a role for mitochondria in this process.",baseline,0.715,False,0.4707,False,-1.0,pubmedqa,256,mistral
Do mitochondria play a role in remodelling lace plant leaves during programmed cell death?,"Results depicted mitochondrial dynamics in vivo as PCD progresses within the lace plant, and highlight the correlation of this organelle with other organelles during developmental PCD. To the best of our knowledge, this is the first report of mitochondria and chloroplasts moving on transvacuolar strands to form a ring structure surrounding the nucleus during developmental PCD. Also, for the first time, we have shown the feasibility for the use of CsA in a whole plant system. Overall, our findings implicate the mitochondria as playing a critical and early role in developmentally regulated PCD in the lace plant."," Yes, according to the provided context, the role of mitochondria during PCD (Programmed Cell Death) in the lace plant has been recognized. The paper mentioned elucidates their role during developmentally regulated PCD in A. madagascariensis. However, the specific details about remodeling are not explicitly stated in the context provided.",hcpc_v1,0.6208,False,0.5723,False,-1.0,pubmedqa,256,mistral
Do mitochondria play a role in remodelling lace plant leaves during programmed cell death?,"Results depicted mitochondrial dynamics in vivo as PCD progresses within the lace plant, and highlight the correlation of this organelle with other organelles during developmental PCD. To the best of our knowledge, this is the first report of mitochondria and chloroplasts moving on transvacuolar strands to form a ring structure surrounding the nucleus during developmental PCD. Also, for the first time, we have shown the feasibility for the use of CsA in a whole plant system. Overall, our findings implicate the mitochondria as playing a critical and early role in developmentally regulated PCD in the lace plant."," Yes, according to the provided context, mitochondria do play a role in remodeling lace plant leaves during programmed cell death (PCD). The text states that the role of mitochondria during PCD has been elucidated in the lace plant, and mitochondrial dynamics were delineated into different categories based on characteristics such as distribution, motility, and membrane potential. Additionally, the possible importance of mitochondrial permeability transition pore (PTP) formation during PCD was indirectly examined, suggesting a role for mitochondria in this process.",hcpc_v2,0.7132,False,0.4711,True,0.1358,pubmedqa,256,mistral
Landolt C and snellen e acuity: differences in strabismus amblyopia?,"Using the charts described, there was only a slight overestimation of visual acuity by the Snellen E compared to the Landolt C, even in strabismus amblyopia. Small differences in the lower visual acuity range have to be considered."," In the provided context, it is stated that for the group with strabismus amblyopia, the mean decimal values for Landolt C (LR) and Snellen E (SE) were 0.14 and 0.16 respectively, and the mean difference between LR and SE was 0.55 lines. This suggests that there are differences in visual acuity between Landolt C and Snellen E, particularly for individuals with strabismus amblyopia.",baseline,0.5632,False,0.6049,False,-1.0,pubmedqa,256,mistral
Landolt C and snellen e acuity: differences in strabismus amblyopia?,"Using the charts described, there was only a slight overestimation of visual acuity by the Snellen E compared to the Landolt C, even in strabismus amblyopia. Small differences in the lower visual acuity range have to be considered."," The context states that for eyes with strabismus amblyopia, the mean decimal values for Landolt C acuity (LR) and Snellen E acuity (SE) were 0.14 and 0.16 respectively. The mean difference between LR and SE was 0.55 lines. This suggests that there are differences in the acuity between Landolt C and Snellen E for eyes with strabismus amblyopia, with higher values of Snellen E.",hcpc_v1,0.5756,False,0.729,False,-1.0,pubmedqa,256,mistral
Landolt C and snellen e acuity: differences in strabismus amblyopia?,"Using the charts described, there was only a slight overestimation of visual acuity by the Snellen E compared to the Landolt C, even in strabismus amblyopia. Small differences in the lower visual acuity range have to be considered."," In the provided context, it is stated that for the eyes with strabismus amblyopia, the mean decimal values for Landolt C (LR) and Snellen E (SE) were 0.14 and 0.16 respectively, and the mean difference between LR and SE was 0.55 lines. This suggests that there are differences in visual acuity between Landolt C and Snellen E for eyes with strabismus amblyopia, with higher values of SE compared to LR.",hcpc_v2,0.5571,False,0.6053,True,0.6825,pubmedqa,256,mistral
"Syncope during bathing in infants, a pediatric form of water-induced urticaria?","""Aquagenic maladies"" could be a pediatric form of the aquagenic urticaria."," Based on the provided context, it is suggested that syncope (fainting) during bathing in infants could be related to a condition similar to aquagenic urticaria. However, the text does not explicitly state that it is a pediatric form of water-induced urticaria. The symptoms described, such as becoming pale, hypotonic, still, and unreactive upon immersion in water, recovery after withdrawal from the bath and stimulation, and dermographism (a skin condition where slight pressure causes a wheal or welt), are consistent with some forms of aquagenic urticaria. The increase in blood histamine levels after a trial bath in two tested infants also supports this hypothesis. Therefore, it is plausible but not definitively confirmed within the given context that syncope during bathing in infants could be related to a pediatric form of water-induced urticaria.",baseline,0.6921,False,0.4616,False,-1.0,pubmedqa,256,mistral
"Syncope during bathing in infants, a pediatric form of water-induced urticaria?","""Aquagenic maladies"" could be a pediatric form of the aquagenic urticaria."," I cannot find information about syncope during bathing in infants or a pediatric form of water-induced urticaria specifically mentioned in the provided context. However, the context does suggest that some infants experience troubles associated with water exposure, which could potentially include symptoms like syncope (fainting), but this is not explicitly stated.",hcpc_v1,0.5037,False,0.533,False,-1.0,pubmedqa,256,mistral
"Syncope during bathing in infants, a pediatric form of water-induced urticaria?","""Aquagenic maladies"" could be a pediatric form of the aquagenic urticaria."," Based on the provided context, it is suggested that syncope (fainting) during bathing in infants could be related to a condition similar to aquagenic urticaria. However, the text does not explicitly state that this is a pediatric form of water-induced urticaria. The symptoms described, such as pallor, hypotonia, and recovery after withdrawal from the bath and stimulation, are consistent with those associated with aquagenic urticaria in adults. Furthermore, the presence of dermographism (a skin condition where slight pressure causes a temporary red line or welt) in six out of eight infants and the improvement of symptoms after avoiding baths support this hypothesis. Therefore, while not definitively stated, the context suggests that syncope during bathing in these infants could be related to a form of water-induced urticaria.",hcpc_v2,0.5935,False,0.4609,True,0.0486,pubmedqa,256,mistral
Are the long-term results of the transanal pull-through equal to those of the transabdominal pull-through?,"Our long-term study showed significantly better (2-fold) results regarding the continence score for the abdominal approach compared with the transanal pull-through. The stool pattern and enterocolitis scores were somewhat better for the TERPT group. These findings raise an important issue about the current surgical management of HD; however, more cases will need to be studied before a definitive conclusion can be drawn."," I cannot find this information in the provided context as it does not compare the long-term results of the transanal pull-through (TERPT) and the transabdominal pull-through directly. The context only mentions that the TERPT is becoming more popular and discusses a study examining their outcomes, but it does not provide specific results comparing the two procedures in terms of long-term outcomes.",baseline,0.5424,False,0.3949,False,-1.0,pubmedqa,256,mistral
Are the long-term results of the transanal pull-through equal to those of the transabdominal pull-through?,"Our long-term study showed significantly better (2-fold) results regarding the continence score for the abdominal approach compared with the transanal pull-through. The stool pattern and enterocolitis scores were somewhat better for the TERPT group. These findings raise an important issue about the current surgical management of HD; however, more cases will need to be studied before a definitive conclusion can be drawn."," I cannot find this information in the provided context as it does not directly compare the long-term results of the transanal pull-through and the transabdominal pull-through. However, it does show that there are differences between the two methods in terms of peritoneal opening, operative time, and blood loss.",hcpc_v1,0.6416,False,0.4468,False,-1.0,pubmedqa,256,mistral
Are the long-term results of the transanal pull-through equal to those of the transabdominal pull-through?,"Our long-term study showed significantly better (2-fold) results regarding the continence score for the abdominal approach compared with the transanal pull-through. The stool pattern and enterocolitis scores were somewhat better for the TERPT group. These findings raise an important issue about the current surgical management of HD; however, more cases will need to be studied before a definitive conclusion can be drawn."," I cannot find this information in the provided context as it does not compare the long-term results of the transanal pull-through (TERPT) and the transabdominal pull-through (ABD). The context only mentions that a study was conducted to examine the long-term outcome of TERPT versus conventional ABD pull-through for Hirschsprung disease, but it does not provide the results of this comparison.",hcpc_v2,0.5508,False,0.3949,True,0.3376,pubmedqa,256,mistral
Can tailored interventions increase mammography use among HMO women?,"The effects of the intervention were most pronounced after the first intervention. Compared to usual care, telephone counseling seemed particularly effective at promoting change among nonadherent women, the group for whom the intervention was developed. These results suggest that telephone counseling, rather than tailored print, might be the preferred first-line intervention for getting nonadherent women on schedule for mammography screening. Many questions would have to be answered about why the tailored print intervention was not more powerful. Nevertheless, it is clear that additional interventions will be needed to maintain women's adherence to mammography. Medical Subject Headings (MeSH): mammography screening, telephone counseling, tailored print communications, barriers."," Yes, according to the provided context, tailored telephone counseling was found to promote a significantly higher proportion of women having mammograms on schedule compared to usual care alone and tailored print materials. However, this effect was only observed after the first year of intervention (during 1996). Therefore, it can be inferred that tailored interventions, specifically telephone counseling, may increase mammography use among HMO women, but further research might be needed to confirm this for other time periods or types of tailored interventions.",baseline,0.6267,False,0.5218,False,-1.0,pubmedqa,256,mistral
Can tailored interventions increase mammography use among HMO women?,"The effects of the intervention were most pronounced after the first intervention. Compared to usual care, telephone counseling seemed particularly effective at promoting change among nonadherent women, the group for whom the intervention was developed. These results suggest that telephone counseling, rather than tailored print, might be the preferred first-line intervention for getting nonadherent women on schedule for mammography screening. Many questions would have to be answered about why the tailored print intervention was not more powerful. Nevertheless, it is clear that additional interventions will be needed to maintain women's adherence to mammography. Medical Subject Headings (MeSH): mammography screening, telephone counseling, tailored print communications, barriers."," Yes, according to the provided context, tailored telephone counseling has been shown to increase mammography use among women compared to usual care alone. However, it's important to note that the study was conducted within a randomized field trial and the context does not specify whether this applies to HMO (Health Maintenance Organization) women explicitly.",hcpc_v1,0.6895,False,0.5447,False,-1.0,pubmedqa,256,mistral
Can tailored interventions increase mammography use among HMO women?,"The effects of the intervention were most pronounced after the first intervention. Compared to usual care, telephone counseling seemed particularly effective at promoting change among nonadherent women, the group for whom the intervention was developed. These results suggest that telephone counseling, rather than tailored print, might be the preferred first-line intervention for getting nonadherent women on schedule for mammography screening. Many questions would have to be answered about why the tailored print intervention was not more powerful. Nevertheless, it is clear that additional interventions will be needed to maintain women's adherence to mammography. Medical Subject Headings (MeSH): mammography screening, telephone counseling, tailored print communications, barriers."," Yes, according to the provided context, tailored telephone counseling was found to promote a significantly higher proportion of women having mammograms on schedule compared to usual care and tailored print materials. However, this effect was only observed after the first year of intervention (during 1996). Therefore, it can be inferred that tailored interventions, specifically telephone counseling, may increase mammography use among HMO women, but the study results are specific to the context given and may not necessarily apply to all populations or settings.",hcpc_v2,0.6236,False,0.522,True,0.2474,pubmedqa,256,mistral
Double balloon enteroscopy: is it efficacious and safe in a community setting?,"DBE appears to be equally safe and effective when performed in the community setting as compared to a tertiary referral center with a comparable yield, efficacy, and complication rate."," The provided context does not contain information about the efficacy and safety of double balloon enteroscopy (DBE) in a community setting. However, it does provide data on the number of DBE procedures performed, indications for the procedure, demographic information about the patients, duration and distance reached during the procedure, and types of endoscopic therapy performed. The context also mentions that 43 VCEs with pathology noted were performed prior to DBE, with findings endoscopically confirmed in 32 cases (74.4%). This suggests that DBE can be effective in confirming findings from video-capsule endoscopy, but the context does not provide information about its safety or efficacy in a community setting.",baseline,0.6987,False,0.3262,False,-1.0,pubmedqa,256,mistral
Double balloon enteroscopy: is it efficacious and safe in a community setting?,"DBE appears to be equally safe and effective when performed in the community setting as compared to a tertiary referral center with a comparable yield, efficacy, and complication rate."," I cannot find information about the efficacy and safety of double balloon enteroscopy (DBE) specifically in a community setting, within the provided context. The context only mentions that DBE was used prior to video-capsule endoscopy in 43 out of 66 patients, with no mention of its effectiveness or safety in a community setting.",hcpc_v1,0.4639,True,0.3559,False,-1.0,pubmedqa,256,mistral
Double balloon enteroscopy: is it efficacious and safe in a community setting?,"DBE appears to be equally safe and effective when performed in the community setting as compared to a tertiary referral center with a comparable yield, efficacy, and complication rate."," The provided context does not directly mention the efficacy or safety of double balloon enteroscopy (DBE) in a community setting. However, it does provide data on the number of DBE procedures performed, indications for use, and outcomes such as endoscopic therapy, biopsy, and distance reached during the procedure. The context does not include information about the setting where these procedures were performed or any specific data related to their efficacy or safety in a community setting.",hcpc_v2,0.8333,False,0.3257,True,0.1891,pubmedqa,256,mistral
30-Day and 1-year mortality in emergency general surgery laparotomies: an area of concern and need for improvement?,"Emergency laparotomy carries a high rate of mortality, especially in those over the age of 70 years, and more needs to be done to improve outcomes, particularly in this group. This could involve increasing acute surgical care manpower, early recognition of patients requiring emergency surgery, development of clear management protocols for such patients or perhaps even considering centralisation of emergency surgical services to specialist centres with multidisciplinary teams involving emergency surgeons and care of the elderly physicians in hospital and related community outreach services for post-discharge care."," Yes, according to the provided context, 30-day and 1-year mortality in emergency general surgery laparotomies are areas of concern and require improvement. The study shows that 30-day mortality was 12.4% for those aged under 70 years and 22% for those aged over 70 years, with a significant difference between the two age groups (p<0.001). Similarly, 1-year mortality was 25.15% for those under 70 years and 38% for those over 70 years, also showing a significant difference (p<0.001).",baseline,0.5284,False,0.5245,False,-1.0,pubmedqa,256,mistral
30-Day and 1-year mortality in emergency general surgery laparotomies: an area of concern and need for improvement?,"Emergency laparotomy carries a high rate of mortality, especially in those over the age of 70 years, and more needs to be done to improve outcomes, particularly in this group. This could involve increasing acute surgical care manpower, early recognition of patients requiring emergency surgery, development of clear management protocols for such patients or perhaps even considering centralisation of emergency surgical services to specialist centres with multidisciplinary teams involving emergency surgeons and care of the elderly physicians in hospital and related community outreach services for post-discharge care."," Yes, according to the provided context, 30-day and 1-year mortality in emergency general surgery laparotomies is an area of concern as they are associated with poorer outcomes and higher mortality rates. The 30-day mortality was found to be 12.4% for those aged under 70 years and 22% for those aged over 70 years, while the 1-year mortality was 25.15% for those under 70 years and 38% for those over 70 years. This suggests a need for improvement in care and strategies to establish best practices in this area.",hcpc_v1,0.6819,False,0.5685,False,-1.0,pubmedqa,256,mistral
30-Day and 1-year mortality in emergency general surgery laparotomies: an area of concern and need for improvement?,"Emergency laparotomy carries a high rate of mortality, especially in those over the age of 70 years, and more needs to be done to improve outcomes, particularly in this group. This could involve increasing acute surgical care manpower, early recognition of patients requiring emergency surgery, development of clear management protocols for such patients or perhaps even considering centralisation of emergency surgical services to specialist centres with multidisciplinary teams involving emergency surgeons and care of the elderly physicians in hospital and related community outreach services for post-discharge care."," Yes, according to the provided context, 30-day and 1-year mortality in emergency general surgery laparotomies is an area of concern as they are associated with poorer outcomes and higher mortality rates. The 30-day mortality was found to be 12.4% for those aged under 70 years and 22% for those aged over 70 years, while the 1-year mortality was 25.15% for those under 70 years and 38% for those over 70 years. This suggests a need for improvement in care and data collection to establish best practices in this area.",hcpc_v2,0.6757,False,0.5245,True,0.3144,pubmedqa,256,mistral
Is adjustment for reporting heterogeneity necessary in sleep disorders?,"Sleep disorders are common in the general adult population of Japan. Correction for reporting heterogeneity using anchoring vignettes is not a necessary tool for proper management of sleep and energy related problems among Japanese adults. Older age, gender differences in communicating sleep-related problems, the presence of multiple morbidities, and regular exercise should be the focus of policies and clinical practice to improve sleep and energy management in Japan."," Based on the provided context, the research suggests that adjusting for reporting heterogeneity is necessary in the management of sleep and energy-related problems in Japan, as it helps to elucidate factors associated with sleep disorders more accurately. However, the context does not provide information about whether this finding applies specifically to sleep disorders or more broadly to other health issues as well.",baseline,0.663,False,0.5493,False,-1.0,pubmedqa,256,mistral
Is adjustment for reporting heterogeneity necessary in sleep disorders?,"Sleep disorders are common in the general adult population of Japan. Correction for reporting heterogeneity using anchoring vignettes is not a necessary tool for proper management of sleep and energy related problems among Japanese adults. Older age, gender differences in communicating sleep-related problems, the presence of multiple morbidities, and regular exercise should be the focus of policies and clinical practice to improve sleep and energy management in Japan."," Yes, according to the provided context, adjustment for reporting heterogeneity is necessary in sleep disorders research, as it was used in the study to elucidate factors associated with sleep disorders.",hcpc_v1,0.4676,True,0.5627,False,-1.0,pubmedqa,256,mistral
Is adjustment for reporting heterogeneity necessary in sleep disorders?,"Sleep disorders are common in the general adult population of Japan. Correction for reporting heterogeneity using anchoring vignettes is not a necessary tool for proper management of sleep and energy related problems among Japanese adults. Older age, gender differences in communicating sleep-related problems, the presence of multiple morbidities, and regular exercise should be the focus of policies and clinical practice to improve sleep and energy management in Japan."," Based on the provided context, the research suggests that adjusting for reporting heterogeneity is necessary in the management of sleep and energy-related problems in Japan, as it helps to elucidate factors associated with sleep disorders more accurately. However, the context does not provide information about whether this conclusion applies specifically to sleep disorders or more broadly to other health issues as well.",hcpc_v2,0.6268,False,0.5493,True,0.2002,pubmedqa,256,mistral
Do mutations causing low HDL-C promote increased carotid intima-media thickness?,Genetic variants identified in the present study may be insufficient to promote early carotid atherosclerosis.," I cannot find this information in the provided context. The context only mentions that cIMT was measured in individuals with mutations causing low HDL-C, but it does not provide information about whether these mutations promote increased carotid intima-media thickness.",baseline,0.5203,False,0.4327,False,-1.0,pubmedqa,256,mistral
Do mutations causing low HDL-C promote increased carotid intima-media thickness?,Genetic variants identified in the present study may be insufficient to promote early carotid atherosclerosis.," I cannot find this information in the provided context. The context discusses a study involving mutations in LCAT, ABCA1 and APOA1, but it does not explicitly state whether these mutations promote increased carotid intima-media thickness.",hcpc_v1,0.4697,True,0.452,False,-1.0,pubmedqa,256,mistral
Do mutations causing low HDL-C promote increased carotid intima-media thickness?,Genetic variants identified in the present study may be insufficient to promote early carotid atherosclerosis.," I cannot find this information in the provided context. The context only mentions that cIMT was measured in individuals with mutations causing low HDL-C, but it does not provide information about whether these mutations promote increased carotid intima-media thickness.",hcpc_v2,0.5203,False,0.432,True,0.2474,pubmedqa,256,mistral
A short stay or 23-hour ward in a general and academic children's hospital: are they effective?,This data demonstrates the robust nature of the short stay ward. At these two very different institutions we have shown improved bed efficient and patient care in a cost-effective way. We have also reported on greater parental satisfaction and early return of the child with their family to the community.," Yes, according to the provided context, a short stay or 23-hour ward in both Westmead Hospital and The New Children's Hospital was found to be effective. They increased hospital efficiency by reducing the average length of stay, accounted for a significant percentage of admissions, had low rates of patient admission to an in-hospital bed and unscheduled visits within 72 hours of discharge, no adverse events were reported, and parental satisfaction was high. Additionally, there were estimated savings due to more efficient bed usage.",baseline,0.6476,False,0.7454,False,-1.0,pubmedqa,256,mistral
A short stay or 23-hour ward in a general and academic children's hospital: are they effective?,This data demonstrates the robust nature of the short stay ward. At these two very different institutions we have shown improved bed efficient and patient care in a cost-effective way. We have also reported on greater parental satisfaction and early return of the child with their family to the community.," Yes, according to the provided context, a short stay or 23-hour ward in both Westmead Hospital and The New Children's Hospital was found to be effective. They increased hospital efficiency by reducing the average length of stay, accounted for a significant percentage of admissions, and had low rates of patient admission to an in-hospital bed and unscheduled visits within 72 hours of discharge. Additionally, there were no adverse events reported and parental satisfaction was high.",hcpc_v1,0.5557,False,0.7697,False,-1.0,pubmedqa,256,mistral
A short stay or 23-hour ward in a general and academic children's hospital: are they effective?,This data demonstrates the robust nature of the short stay ward. At these two very different institutions we have shown improved bed efficient and patient care in a cost-effective way. We have also reported on greater parental satisfaction and early return of the child with their family to the community.," Yes, according to the provided context, a short stay or 23-hour ward in both Westmead Hospital and The New Children's Hospital was found to be effective. They increased hospital efficiency by reducing the average length of stay, accounted for a significant percentage of admissions, had low rates of patient admission to an in-hospital bed and unscheduled visits within 72 hours of discharge, and resulted in estimated savings for the hospitals. Additionally, there were no adverse events reported and parental satisfaction was high.",hcpc_v2,0.6411,False,0.7454,False,0.7455,pubmedqa,256,mistral
Did Chile's traffic law reform push police enforcement?,"Findings suggest that traffic law reforms in order to have an effect on both traffic fatality and injury rates reduction require changes in police enforcement practices. Last, this case also illustrates how the diffusion of successful road safety practices globally promoted by WHO and World Bank can be an important influence for enhancing national road safety practices."," The context does not provide information on whether Chile's traffic law reform pushed police enforcement. However, it does state that an increase in police traffic enforcement was registered after the introduction of the 2005 traffic law reform.",baseline,0.5169,False,0.4542,False,-1.0,pubmedqa,256,mistral
Did Chile's traffic law reform push police enforcement?,"Findings suggest that traffic law reforms in order to have an effect on both traffic fatality and injury rates reduction require changes in police enforcement practices. Last, this case also illustrates how the diffusion of successful road safety practices globally promoted by WHO and World Bank can be an important influence for enhancing national road safety practices."," Based on the provided context, it is not explicitly stated that Chile's traffic law reform pushed police enforcement. However, it is suggested that there was an increment in police traffic enforcement after the introduction of the 2005 traffic law, as evidenced by the increase in the number of traffic tickets per police officer.",hcpc_v1,0.3761,True,0.4955,False,-1.0,pubmedqa,256,mistral
Did Chile's traffic law reform push police enforcement?,"Findings suggest that traffic law reforms in order to have an effect on both traffic fatality and injury rates reduction require changes in police enforcement practices. Last, this case also illustrates how the diffusion of successful road safety practices globally promoted by WHO and World Bank can be an important influence for enhancing national road safety practices."," The provided context does not explicitly state that Chile's traffic law reform pushed police enforcement. However, it does suggest that the traffic law reform was associated with an increase in police traffic enforcement as indicated by the number of traffic tickets per police officer.",hcpc_v2,0.3919,True,0.453,True,0.2486,pubmedqa,256,mistral
Therapeutic anticoagulation in the trauma patient: is it safe?,"Trauma patients have a significant complication rate related to anticoagulation therapy, and predicting which patients will develop a complication remains unclear. Prospective studies are needed to determine which treatment regimen, if any, is appropriate to safely anticoagulate this high risk population."," Based on the provided context, therapeutic anticoagulation in trauma patients is not necessarily safe as it can lead to complications. Twenty-four patients (21%) had at least one complication from anticoagulation, with the most common being a sudden drop in hemoglobin concentration requiring blood transfusion (11 patients). Additionally, five patients died (4%), three of whom had significant hemorrhage attributed to anticoagulation. However, it's important to note that this study was focused on determining complications and factors associated with them, not the overall safety of therapeutic anticoagulation in trauma patients.",baseline,0.5111,False,0.5645,False,-1.0,pubmedqa,256,mistral
Therapeutic anticoagulation in the trauma patient: is it safe?,"Trauma patients have a significant complication rate related to anticoagulation therapy, and predicting which patients will develop a complication remains unclear. Prospective studies are needed to determine which treatment regimen, if any, is appropriate to safely anticoagulate this high risk population."," Based on the provided context, therapeutic anticoagulation in trauma patients is associated with complications. Specifically, 21% of the trauma patients who received therapeutic anticoagulation experienced at least one complication. Furthermore, four percent of the patients died due to significant hemorrhage attributed to anticoagulation. Therefore, while the study does not explicitly state that therapeutic anticoagulation is unsafe, it does suggest that there are risks associated with its use in trauma patients.",hcpc_v1,0.482,True,0.5845,False,-1.0,pubmedqa,256,mistral
Therapeutic anticoagulation in the trauma patient: is it safe?,"Trauma patients have a significant complication rate related to anticoagulation therapy, and predicting which patients will develop a complication remains unclear. Prospective studies are needed to determine which treatment regimen, if any, is appropriate to safely anticoagulate this high risk population."," Based on the provided context, therapeutic anticoagulation in trauma patients is not necessarily safe as it has been associated with complications. Twenty-four patients (21%) had at least one complication of anticoagulation, and five patients died (4%), three of whom had significant hemorrhage attributed to anticoagulation. However, the study also identified factors such as chronic obstructive pulmonary disease, UH use, and lower initial platelet count as being associated with complications, suggesting that these factors may increase the risk of adverse events during therapeutic anticoagulation.",hcpc_v2,0.4264,True,0.5655,True,0.2855,pubmedqa,256,mistral
Differentiation of nonalcoholic from alcoholic steatohepatitis: are routine laboratory markers useful?,"Higher MCVs and AST/ALT ratios in ASH reflect the severity of underlying liver disease and do not differentiate NASH from ASH. Instead, these biomarkers might prove useful in guiding selection of patients for liver biopsy and in targeting therapy."," Yes, according to the provided context, routine laboratory markers can be useful in differentiating nonalcoholic steatohepatitis (NASH) from alcoholic steatohepatitis (ASH). The markers identified are an elevated Mean Corpuscular Volume (MCV), an AST/ALT ratio greater than 1, and sex.",baseline,0.4402,True,0.4617,False,-1.0,pubmedqa,256,mistral
Differentiation of nonalcoholic from alcoholic steatohepatitis: are routine laboratory markers useful?,"Higher MCVs and AST/ALT ratios in ASH reflect the severity of underlying liver disease and do not differentiate NASH from ASH. Instead, these biomarkers might prove useful in guiding selection of patients for liver biopsy and in targeting therapy."," Yes, according to the provided context, the investigation found that routine laboratory parameters did not significantly differ between nonalcoholic steatohepatitis (NASH) and alcoholic steatohepatitis (ASH), which suggests that these markers may not be useful for distinguishing between the two conditions.",hcpc_v1,0.443,True,0.4882,False,-1.0,pubmedqa,256,mistral
Differentiation of nonalcoholic from alcoholic steatohepatitis: are routine laboratory markers useful?,"Higher MCVs and AST/ALT ratios in ASH reflect the severity of underlying liver disease and do not differentiate NASH from ASH. Instead, these biomarkers might prove useful in guiding selection of patients for liver biopsy and in targeting therapy."," Yes, according to the provided context, routine laboratory markers can be useful in differentiating nonalcoholic steatohepatitis (NASH) from alcoholic steatohepatitis (ASH). The markers identified are the Mean Corpuscular Volume (MCV), the AST/ALT ratio, and sex.",hcpc_v2,0.5058,False,0.4614,True,0.3454,pubmedqa,256,mistral
Prompting Primary Care Providers about Increased Patient Risk As a Result of Family History: Does It Work?,"No change occurred upon instituting simple, at-the-visit family history prompts geared to improve PCPs' ability to identify patients at high risk for 6 common conditions. The results are both surprising and disappointing. Further studies should examine physicians' perception of the utility of prompts for family history risk."," Yes, prompting primary care providers about increased patient risk as a result of family history was implemented in the study, but there was no significant change in problem summary list documentation of risk status or screening interventions for any of the 6 diseases as a result.",baseline,0.3654,True,0.5966,False,-1.0,pubmedqa,256,mistral
Prompting Primary Care Providers about Increased Patient Risk As a Result of Family History: Does It Work?,"No change occurred upon instituting simple, at-the-visit family history prompts geared to improve PCPs' ability to identify patients at high risk for 6 common conditions. The results are both surprising and disappointing. Further studies should examine physicians' perception of the utility of prompts for family history risk."," Yes, according to the provided context, prompting primary care providers about increased patient risk as a result of family history does work to some extent. The study shows that during the study period, 53.5% of visits had physicians responding to the prompts by reviewing family history, discussing family history in 22.9% of visits, and ordering tests/referrals in 0.7% of visits. However, more research is needed to compare the efficacy of these methods with a high-quality usual care system for enhancing screening.",hcpc_v1,0.538,False,0.5793,False,-1.0,pubmedqa,256,mistral
Prompting Primary Care Providers about Increased Patient Risk As a Result of Family History: Does It Work?,"No change occurred upon instituting simple, at-the-visit family history prompts geared to improve PCPs' ability to identify patients at high risk for 6 common conditions. The results are both surprising and disappointing. Further studies should examine physicians' perception of the utility of prompts for family history risk."," Yes, prompting primary care providers about increased patient risk as a result of family history was implemented in the study, but there was no significant change in problem summary list documentation of risk status or screening interventions for any of the 6 diseases as a result.",hcpc_v2,0.3654,True,0.5972,True,0.3458,pubmedqa,256,mistral
Do emergency ultrasound fellowship programs impact emergency medicine residents' ultrasound education?,Emergency US fellowship programs had a positive impact on residents' US educational experiences. Emergency medicine residents performed more scans overall and also used bedside US for more advanced applications in programs with EUS fellowships.," Yes, according to the provided context, emergency ultrasound fellowship programs appear to have an impact on emergency medicine (EM) residents' US education. Residents in programs with EUS fellowships reported performing more scans and noted significant differences in most applications of bedside US compared to those in programs without fellowships. Additionally, there were significant differences in the barriers to US education between residency programs with and without fellowships.",baseline,0.6938,False,0.5411,False,-1.0,pubmedqa,256,mistral
Do emergency ultrasound fellowship programs impact emergency medicine residents' ultrasound education?,Emergency US fellowship programs had a positive impact on residents' US educational experiences. Emergency medicine residents performed more scans overall and also used bedside US for more advanced applications in programs with EUS fellowships.," Based on the provided context, it is not explicitly stated that emergency ultrasound (EUS) fellowship programs impact emergency medicine (EM) residents' ultrasound education. However, significant differences were noted in most applications of bedside US between residency programs with and without fellowships, suggesting a potential impact. But to definitively answer this question, further evidence or specific findings from the study would be needed.",hcpc_v1,0.57,False,0.5521,False,-1.0,pubmedqa,256,mistral
Do emergency ultrasound fellowship programs impact emergency medicine residents' ultrasound education?,Emergency US fellowship programs had a positive impact on residents' US educational experiences. Emergency medicine residents performed more scans overall and also used bedside US for more advanced applications in programs with EUS fellowships.," Yes, according to the provided context, there is evidence suggesting that emergency ultrasound (EUS) fellowships may have an impact on emergency medicine (EM) residents' US education. Residents in programs with EUS fellowships reported performing more scans and noted significant differences in most applications of bedside US compared to those in programs without fellowships. However, it is important to note that the study also found significant differences in barriers to US education between residency programs with and without fellowships.",hcpc_v2,0.6856,False,0.5398,True,0.2159,pubmedqa,256,mistral
Patient-Controlled Therapy of Breathlessness in Palliative Care: A New Therapeutic Concept for Opioid Administration?,Opioid PCT is a feasible and acceptable therapeutic method to reduce refractory breathlessness in palliative care patients.," Based on the provided context, it appears that the study was investigating the effectiveness of patient-controlled therapy (PCT) systems for reducing breathlessness in patients with advanced disease. The study found that opioid PCT can be an effective therapeutic method to reduce breathlessness in these patients, as evidenced by a decrease in self-reported numeric rating scale of current breathlessness. However, the context does not provide information on whether this is a new concept for opioid administration in palliative care.",baseline,0.6349,False,0.5372,False,-1.0,pubmedqa,256,mistral
Patient-Controlled Therapy of Breathlessness in Palliative Care: A New Therapeutic Concept for Opioid Administration?,Opioid PCT is a feasible and acceptable therapeutic method to reduce refractory breathlessness in palliative care patients.," Based on the provided context, it appears that patient-controlled therapy (PCT) of breathlessness with opioids is being investigated as a potential new therapeutic concept in palliative care. However, the text does not explicitly state that this is a ""new"" concept, but rather that it is being studied in a pilot observational study. The context also suggests that PCT may be an effective method for reducing breathlessness in patients with advanced disease, but further research would be needed to confirm this and determine its long-term feasibility and acceptance.",hcpc_v1,0.5437,False,0.5627,False,-1.0,pubmedqa,256,mistral
Patient-Controlled Therapy of Breathlessness in Palliative Care: A New Therapeutic Concept for Opioid Administration?,Opioid PCT is a feasible and acceptable therapeutic method to reduce refractory breathlessness in palliative care patients.," Based on the provided context, it appears that the study was investigating the effectiveness and feasibility of patient-controlled therapy (PCT) systems for reducing breathlessness in patients with advanced disease. The study found that opioid PCT can be an effective method to reduce breathlessness in these patients, as evidenced by a decrease in self-reported numeric rating scale of current breathlessness. However, the context does not provide information on whether this is a new therapeutic concept for opioid administration in palliative care.",hcpc_v2,0.6264,False,0.5367,True,0.4223,pubmedqa,256,mistral
Is there still a need for living-related liver transplantation in children?,"The short- and long-term outcomes after LRT and SLT did not differ significantly. To avoid the risk for the donor in LRT, SLT represents the first-line therapy in pediatric liver transplantation in countries where cadaveric organs are available. LRT provides a solution for urgent cases in which a cadaveric graft cannot be found in time or if the choice of the optimal time point for transplantation is vital."," The provided context does not discuss or compare outcomes of living-related liver transplantation (LRT) specifically in children. Therefore, I cannot determine if there is still a need for LRT in children based solely on this information.",baseline,0.7038,False,0.4627,False,-1.0,pubmedqa,256,mistral
Is there still a need for living-related liver transplantation in children?,"The short- and long-term outcomes after LRT and SLT did not differ significantly. To avoid the risk for the donor in LRT, SLT represents the first-line therapy in pediatric liver transplantation in countries where cadaveric organs are available. LRT provides a solution for urgent cases in which a cadaveric graft cannot be found in time or if the choice of the optimal time point for transplantation is vital."," The provided context does not specify or imply anything about the necessity of living-related liver transplantation (LRT) in children. Therefore, I cannot answer this question definitively based on the given context.",hcpc_v1,0.4727,True,0.4706,False,-1.0,pubmedqa,256,mistral
Is there still a need for living-related liver transplantation in children?,"The short- and long-term outcomes after LRT and SLT did not differ significantly. To avoid the risk for the donor in LRT, SLT represents the first-line therapy in pediatric liver transplantation in countries where cadaveric organs are available. LRT provides a solution for urgent cases in which a cadaveric graft cannot be found in time or if the choice of the optimal time point for transplantation is vital."," The provided context does not discuss or compare outcomes of split-liver transplantation and living-related liver transplantation specifically in children. Therefore, I cannot determine if there is still a need for living-donor liver transplantation in children based solely on this information.",hcpc_v2,0.7343,False,0.4627,True,0.3454,pubmedqa,256,mistral
Do patterns of knowledge and attitudes exist among unvaccinated seniors?,Findings suggest that cluster analyses may be useful in identifying groups for targeted health messages.," Yes, patterns of knowledge and attitudes exist among unvaccinated seniors as identified in the context provided. The context mentions four distinct clusters of unvaccinated seniors with different immunization related knowledge and attitudes.",baseline,0.7496,False,0.4733,False,-1.0,pubmedqa,256,mistral
Do patterns of knowledge and attitudes exist among unvaccinated seniors?,Findings suggest that cluster analyses may be useful in identifying groups for targeted health messages.," Yes, patterns of knowledge and attitudes among unvaccinated seniors were identified in the provided context. The seniors were clustered into four groups based on their immunization-related knowledge and attitudes: Potentials, Fearful Uninformeds, Doubters, and Misinformeds.",hcpc_v1,0.6665,False,0.4895,False,-1.0,pubmedqa,256,mistral
Do patterns of knowledge and attitudes exist among unvaccinated seniors?,Findings suggest that cluster analyses may be useful in identifying groups for targeted health messages.," Yes, patterns of knowledge and attitudes exist among unvaccinated seniors as identified in the context provided. The context mentions four clusters of unvaccinated seniors with different immunization related knowledge and attitudes.",hcpc_v2,0.7591,False,0.4733,True,0.344,pubmedqa,256,mistral
Is there a model to teach and practice retroperitoneoscopic nephrectomy?,RPN in a porcine model is feasible and could be very useful for teaching and practicing retroperitoneoscopy.," Yes, according to the provided context, a model for training retroperitoneoscopic nephrectomy (RPN) was developed in the study. This model was created by operating on fifteen piglets and recording intraoperative data such as operative time, blood loss, and peritoneal opening. The experimental learning curve was found to be eight cases after statistical data analysis.",baseline,0.7473,False,0.5035,False,-1.0,pubmedqa,256,mistral
Is there a model to teach and practice retroperitoneoscopic nephrectomy?,RPN in a porcine model is feasible and could be very useful for teaching and practicing retroperitoneoscopy.," Yes, according to the provided context, a training model for retroperitoneoscopic nephrectomy (RPN) was developed using fifteen piglets.",hcpc_v1,0.56,False,0.5595,False,-1.0,pubmedqa,256,mistral
Is there a model to teach and practice retroperitoneoscopic nephrectomy?,RPN in a porcine model is feasible and could be very useful for teaching and practicing retroperitoneoscopy.," Yes, according to the provided context, a model for teaching and practicing retroperitoneoscopic nephrectomy (RPN) has been developed in a porcine model. The study mentions that fifteen piglets were operated on to create this standard RPN training model.",hcpc_v2,0.6613,False,0.5031,True,0.2939,pubmedqa,256,mistral
Cardiovascular risk in a rural adult West African population: is resting heart rate also relevant?,Significant associations were observed between RHR and several established cardiovascular risk factors. Prospective studies are needed in sub-Saharan African populations to establish the potential value of RHR in cardiovascular risk assessment.," Yes, resting heart rate (RHR) is relevant as a marker for cardiovascular disease (CVD) risk in a rural adult West African population. The study found that 19% of participants had an elevated RHR (>90 bpm), and individuals with an elevated RHR had a higher risk of casual high blood pressure compared to those with normal RHR, independently of several established CVD risk factors. Furthermore, RHR was significantly associated with age, waist circumference, and blood pressure.",baseline,0.7091,False,0.5505,False,-1.0,pubmedqa,256,mistral
Cardiovascular risk in a rural adult West African population: is resting heart rate also relevant?,Significant associations were observed between RHR and several established cardiovascular risk factors. Prospective studies are needed in sub-Saharan African populations to establish the potential value of RHR in cardiovascular risk assessment.," Yes, according to the provided context, resting heart rate (RHR) is relevant for cardiovascular risk assessment in a rural adult West African population. The study found that 19% of participants had an elevated RHR (>90 bpm), and RHR was significantly associated with age, waist circumference, and blood pressure, which are all factors related to cardiovascular disease (CVD) risk. Additionally, 79% of the study participants were found to have at least one CVD risk factor.",hcpc_v1,0.642,False,0.5742,False,-1.0,pubmedqa,256,mistral
Cardiovascular risk in a rural adult West African population: is resting heart rate also relevant?,Significant associations were observed between RHR and several established cardiovascular risk factors. Prospective studies are needed in sub-Saharan African populations to establish the potential value of RHR in cardiovascular risk assessment.," Yes, resting heart rate (RHR) is relevant as a marker for cardiovascular disease (CVD) risk in a rural adult West African population. The study found that 19% of participants had an elevated RHR (>90 bpm), and individuals with an elevated RHR had a higher risk of casual high blood pressure compared to those with normal RHR, independently of several established CVD risk factors. Furthermore, RHR was significantly associated with age, waist circumference, and blood pressure.",hcpc_v2,0.7091,False,0.5492,True,0.3774,pubmedqa,256,mistral
Israeli hospital preparedness for terrorism-related multiple casualty incidents: can the surge capacity and injury severity distribution be better predicted?,Hospital preparedness can be better defined by a fixed number of casualties rather than a percentile of its bed capacity. Only 20% of the arriving casualties will require immediate medical treatment. Implementation of this concept may improve the utilisation of national emergency health resources both in the preparation phase and on real time.," Based on the provided context, it is stated that the Emergency and Disaster Medicine Division in the Israeli Ministry of Health defined a key of 20 percent of each hospital's bed capacity as its readiness for multiple casualties. The study also provides data on the number of casualties and their severity in various HMCIs that occurred between November 2000 and June 2003. However, the context does not provide information on whether or how well the surge capacity and injury severity distribution can be better predicted for terrorism-related multiple casualty incidents.",baseline,0.5906,False,0.557,False,-1.0,pubmedqa,256,mistral
Israeli hospital preparedness for terrorism-related multiple casualty incidents: can the surge capacity and injury severity distribution be better predicted?,Hospital preparedness can be better defined by a fixed number of casualties rather than a percentile of its bed capacity. Only 20% of the arriving casualties will require immediate medical treatment. Implementation of this concept may improve the utilisation of national emergency health resources both in the preparation phase and on real time.," Based on the provided context, it appears that the study evaluates the efficacy of the current readiness guidelines for multiple casualties in Israeli hospitals. However, the text does not provide information about whether or how well surge capacity and injury severity distribution can be better predicted in terrorism-related multiple casualty incidents.",hcpc_v1,0.5632,False,0.5462,False,-1.0,pubmedqa,256,mistral
Israeli hospital preparedness for terrorism-related multiple casualty incidents: can the surge capacity and injury severity distribution be better predicted?,Hospital preparedness can be better defined by a fixed number of casualties rather than a percentile of its bed capacity. Only 20% of the arriving casualties will require immediate medical treatment. Implementation of this concept may improve the utilisation of national emergency health resources both in the preparation phase and on real time.," Based on the provided context, it is stated that the Emergency and Disaster Medicine Division in the Israeli Ministry of Health defined a key of 20 percent of each hospital's bed capacity as its readiness for multiple casualties. The study evaluates the efficacy of this readiness guideline based on the epidemiology of encountered HMCIs, but it does not provide information about whether the surge capacity and injury severity distribution can be better predicted.",hcpc_v2,0.4458,True,0.5639,True,0.366,pubmedqa,256,mistral
Acute respiratory distress syndrome in children with malignancy--can we predict outcome?,"Peak inspiratory pressure, PEEP, and ventilation index values could distinguish survivors from nonsurvivors by day 3. This may assist in early application of supportive nonconventional therapies in children with malignancy and ARDS."," Based on the provided context, it is stated that peak inspiratory pressure, positive end-expiratory pressure (PEEP), and ventilation index values could distinguish outcome by day 3 for children with acute respiratory distress syndrome (ARDS) and malignancy. However, this study does not provide information about predicting the outcome beyond day 3 or for patients without ARDS. For a more accurate prediction of outcome in children with malignancy and ARDS, further research may be necessary.",baseline,0.5604,False,0.5796,False,-1.0,pubmedqa,256,mistral
Acute respiratory distress syndrome in children with malignancy--can we predict outcome?,"Peak inspiratory pressure, PEEP, and ventilation index values could distinguish survivors from nonsurvivors by day 3. This may assist in early application of supportive nonconventional therapies in children with malignancy and ARDS."," The provided context does not directly answer whether we can predict the outcome of Acute Respiratory Distress Syndrome (ARDS) in children with malignancy. However, it does state that the study's purpose was to delineate early respiratory predictors of mortality in such cases. Therefore, it implies that there might be some potential predictors for the outcome, but the context does not provide specific details about these predictors or their accuracy.",hcpc_v1,0.5526,False,0.5889,False,-1.0,pubmedqa,256,mistral
Acute respiratory distress syndrome in children with malignancy--can we predict outcome?,"Peak inspiratory pressure, PEEP, and ventilation index values could distinguish survivors from nonsurvivors by day 3. This may assist in early application of supportive nonconventional therapies in children with malignancy and ARDS."," Based on the provided context, it is stated that peak inspiratory pressure, positive end-expiratory pressure (PEEP), and ventilation index values could distinguish outcome by day 3 for children with acute respiratory distress syndrome (ARDS) and malignancy. However, this study was not conducted on patients receiving opioid PCT for refractory breathlessness in advanced disease as mentioned in the second context, so it is unclear if these predictors would apply to that population.",hcpc_v2,0.5331,False,0.5813,True,0.4223,pubmedqa,256,mistral
Secondhand smoke risk in infants discharged from an NICU: potential for significant health disparities?,"The most disadvantaged families were least likely to have protective health behaviors in place to reduce SHSe and, consequently, are most at-risk for tobacco exposure and subsequent tobacco-related health disparities. Innovative SHSe interventions for this vulnerable population are sorely needed."," Yes, according to the provided context, there is a potential for significant health disparities related to secondhand smoke (SHSe) risk in infants discharged from an NICU. The study shows that families with lower annual income ($25,000 or less) are less likely to have a total smoking ban in place compared to families with higher income (p<.01). Additionally, African American and Caucasian families were less likely to have a smoking ban compared with Hispanics (p<.05). Furthermore, mothers who reported no smoking ban were more depressed than those who had a household smoking ban (p<.02), which could potentially impact the implementation of smoking bans in their homes.",baseline,0.5494,False,0.513,False,-1.0,pubmedqa,256,mistral
Secondhand smoke risk in infants discharged from an NICU: potential for significant health disparities?,"The most disadvantaged families were least likely to have protective health behaviors in place to reduce SHSe and, consequently, are most at-risk for tobacco exposure and subsequent tobacco-related health disparities. Innovative SHSe interventions for this vulnerable population are sorely needed."," Yes, according to the provided context, there is a potential for significant health disparities regarding secondhand smoke risk in infants discharged from an NICU. The text states that almost half of the families with a low income ($<25,000) reported no total smoking ban in place compared to nearly 60% of families earning more (p<.01), suggesting a higher secondhand smoke exposure risk among lower-income families.",hcpc_v1,0.6044,False,0.5185,False,-1.0,pubmedqa,256,mistral
Secondhand smoke risk in infants discharged from an NICU: potential for significant health disparities?,"The most disadvantaged families were least likely to have protective health behaviors in place to reduce SHSe and, consequently, are most at-risk for tobacco exposure and subsequent tobacco-related health disparities. Innovative SHSe interventions for this vulnerable population are sorely needed."," Yes, according to the provided context, there is a potential for significant health disparities related to secondhand smoke (SHSe) risk in infants discharged from an NICU. The study shows that families with lower annual income ($25,000 or less) are less likely to have a total smoking ban in place compared to families with higher incomes (p<.01). Additionally, African American and Caucasian families were less likely to have a smoking ban compared with Hispanics (p<.05). Furthermore, mothers who reported no smoking ban were more depressed than those who had a household smoking ban (p<.02), which could potentially impact their ability to comply with a smoking ban.",hcpc_v2,0.5297,False,0.513,True,0.1215,pubmedqa,256,mistral
Do nomograms designed to predict biochemical recurrence (BCR) do a better job of predicting more clinically relevant prostate cancer outcomes than BCR?,"Currently available nomograms used to predict BCR accurately predict PCSM and other more clinically relevant endpoints. Moreover, not only do they significantly predict PCSM, but do so with generally greater accuracy than BCR."," Yes, according to the provided context, it is stated that the nomograms designed to predict biochemical recurrence (BCR) can predict more definitive endpoints such as Prostate Cancer-Specific Mortality (PCSM) more accurately than they predict BCR.",baseline,0.5567,False,0.6278,False,-1.0,pubmedqa,256,mistral
Do nomograms designed to predict biochemical recurrence (BCR) do a better job of predicting more clinically relevant prostate cancer outcomes than BCR?,"Currently available nomograms used to predict BCR accurately predict PCSM and other more clinically relevant endpoints. Moreover, not only do they significantly predict PCSM, but do so with generally greater accuracy than BCR."," Yes, according to the provided context, it is stated that the nomograms designed to predict biochemical recurrence (BCR) can predict more definitive endpoints such as Prostate Cancer-Specific Mortality (PCSM) more accurately than they predict BCR.",hcpc_v1,0.5567,False,0.6251,False,-1.0,pubmedqa,256,mistral
Do nomograms designed to predict biochemical recurrence (BCR) do a better job of predicting more clinically relevant prostate cancer outcomes than BCR?,"Currently available nomograms used to predict BCR accurately predict PCSM and other more clinically relevant endpoints. Moreover, not only do they significantly predict PCSM, but do so with generally greater accuracy than BCR."," Yes, according to the provided context, it is stated that the nomograms designed to predict biochemical recurrence (BCR) can predict more definitive endpoints such as Prostate Cancer-Specific Mortality (PCSM) more accurately than they predict BCR.",hcpc_v2,0.5567,False,0.626,True,0.3448,pubmedqa,256,mistral
Are reports of mechanical dysfunction in chronic oro-facial pain related to somatisation?,"Self-reported mechanical factors associated with chronic oro-facial pain are confounded, in part, by psychological factors and are equally common across other frequently unexplained syndromes. They may represent another feature of somatisation. Therefore the use of extensive invasive therapy such as occlusal adjustments and surgery to change mechanical factors may not be justified in many cases."," Based on the provided context, it is suggested that there might be a relationship between certain mechanical factors (such as teeth grinding and facial trauma) and chronic oro-facial pain. However, these same mechanical factors are also commonly associated with the reporting of other frequently unexplained syndromes, which could imply a potential association with somatization. But it's important to note that the context does not explicitly state that there is a direct relationship between mechanical dysfunction in chronic oro-facial pain and somatization.",baseline,0.4865,True,0.585,False,-1.0,pubmedqa,256,mistral
Are reports of mechanical dysfunction in chronic oro-facial pain related to somatisation?,"Self-reported mechanical factors associated with chronic oro-facial pain are confounded, in part, by psychological factors and are equally common across other frequently unexplained syndromes. They may represent another feature of somatisation. Therefore the use of extensive invasive therapy such as occlusal adjustments and surgery to change mechanical factors may not be justified in many cases."," Yes, the context suggests that there is a relationship between certain self-reported mechanical factors (teeth grinding and facial trauma) and chronic oro-facial pain. However, it does not explicitly state whether this relationship is related to somatization. The term ""somatization"" is not mentioned in the provided context.",hcpc_v1,0.5071,False,0.6155,False,-1.0,pubmedqa,256,mistral
Are reports of mechanical dysfunction in chronic oro-facial pain related to somatisation?,"Self-reported mechanical factors associated with chronic oro-facial pain are confounded, in part, by psychological factors and are equally common across other frequently unexplained syndromes. They may represent another feature of somatisation. Therefore the use of extensive invasive therapy such as occlusal adjustments and surgery to change mechanical factors may not be justified in many cases."," Based on the provided context, it is suggested that there might be a relationship between certain mechanical factors (such as teeth grinding and facial trauma) and chronic oro-facial pain. However, these same mechanical factors are also commonly associated with the reporting of other frequently unexplained syndromes, which could imply a potential association with somatization. But it's important to note that the context does not explicitly state that this relationship is definitively related to somatization.",hcpc_v2,0.4989,True,0.5882,True,0.0699,pubmedqa,256,mistral
Amblyopia: is visual loss permanent?,Older people with a history of amblyopia who develop visual loss in the previously normal eye can experience recovery of visual function in the amblyopic eye over a period of time. This recovery in visual function occurs in the wake of visual loss in the fellow eye and the improvement appears to be sustained.," Based on the provided context, it appears that some cases of amblyopia may improve over time, but the text does not explicitly state whether visual loss in amblyopia is permanently fixed or not. The improvement in visual acuity in amblyopic eyes was observed in 12 cases out of 465 patients with age-related macular degeneration, and the improvement generally occurred between 1 and 12 months from baseline and remained stable over the period of follow-up. However, it is important to note that this study focuses on a specific group of patients (those with age-related macular degeneration) and further research may be needed to determine whether similar improvements can be observed in other populations with amblyopia.",baseline,0.3864,True,0.5044,False,-1.0,pubmedqa,256,mistral
Amblyopia: is visual loss permanent?,Older people with a history of amblyopia who develop visual loss in the previously normal eye can experience recovery of visual function in the amblyopic eye over a period of time. This recovery in visual function occurs in the wake of visual loss in the fellow eye and the improvement appears to be sustained.," The provided context does not explicitly state that amblyopia results in permanent visual loss. However, it does mention that improvement in visual acuity could not be attributed to treatment of other existing pathology in 12 cases where the eye showing improvement had a history of amblyopia, suggesting that vision can improve even after having amblyopia. But for definitive information about whether amblyopia causes permanent visual loss, more specific and detailed context would be needed.",hcpc_v1,0.383,True,0.6298,False,-1.0,pubmedqa,256,mistral
Amblyopia: is visual loss permanent?,Older people with a history of amblyopia who develop visual loss in the previously normal eye can experience recovery of visual function in the amblyopic eye over a period of time. This recovery in visual function occurs in the wake of visual loss in the fellow eye and the improvement appears to be sustained.," Based on the provided context, it appears that some cases of amblyopia may improve over time, as indicated in the first passage where an improvement in visual acuity was recorded in 12 cases with a history of amblyopia. However, the context does not explicitly state whether visual loss due to amblyopia is permanent or not.",hcpc_v2,0.5272,False,0.5044,True,0.6825,pubmedqa,256,mistral
Implementation of epidural analgesia for labor: is the standard of effective analgesia reachable in all women?,"Present audit shows that the process of implementation of labor analgesia was quick, successful and safe, notwithstanding the identification of one cluster of women with suboptimal response to epidural analgesia that need to be further studies, overall pregnant womens'adhesion to labor analgesia was satisfactory."," Based on the provided context, it is not explicitly stated that the standard of effective epidural analgesia reaches all women. However, the increase from 15.5% to 51% suggests an improvement over time, but it does not guarantee that all women receive effective analgesia.",baseline,0.5005,False,0.5077,False,-1.0,pubmedqa,256,mistral
Implementation of epidural analgesia for labor: is the standard of effective analgesia reachable in all women?,"Present audit shows that the process of implementation of labor analgesia was quick, successful and safe, notwithstanding the identification of one cluster of women with suboptimal response to epidural analgesia that need to be further studies, overall pregnant womens'adhesion to labor analgesia was satisfactory."," Based on the provided context, it is not explicitly stated that the standard of effective analgesia (implementation of epidural analgesia for labor to all patients) is reached in all women. However, the increase from 15.5% to 51% suggests an improvement towards this goal during the audit period.",hcpc_v1,0.5962,False,0.5111,False,-1.0,pubmedqa,256,mistral
Implementation of epidural analgesia for labor: is the standard of effective analgesia reachable in all women?,"Present audit shows that the process of implementation of labor analgesia was quick, successful and safe, notwithstanding the identification of one cluster of women with suboptimal response to epidural analgesia that need to be further studies, overall pregnant womens'adhesion to labor analgesia was satisfactory."," Based on the provided context, it is not stated whether the standard of effective epidural analgesia being implemented for labor can be reached in all women. The text mentions an increase in the use of epidural analgesia from 15.5% to 51%, but it does not indicate that this increase reaches all women.",hcpc_v2,0.5653,False,0.5042,True,0.2731,pubmedqa,256,mistral
Does HER2 immunoreactivity provide prognostic information in locally advanced urothelial carcinoma patients receiving adjuvant M-VEC chemotherapy?,HER2 immunoreactivity might have a limited prognostic value for advanced urothelial carcinoma patients with adjuvant M-VEC.," Yes, according to the provided context, HER2 immunoreactivity provides prognostic information in locally advanced urothelial carcinoma patients receiving adjuvant M-VEC chemotherapy. It was found to be a significant factor for PFS and disease-specific OS using univariate analysis, but not multivariate analysis.",baseline,0.7376,False,0.6943,False,-1.0,pubmedqa,256,mistral
Does HER2 immunoreactivity provide prognostic information in locally advanced urothelial carcinoma patients receiving adjuvant M-VEC chemotherapy?,HER2 immunoreactivity might have a limited prognostic value for advanced urothelial carcinoma patients with adjuvant M-VEC.," Yes, according to the provided context, HER2 immunoreactivity was found to be a significant prognostic factor for progression-free survival (PFS) and disease-specific overall survival (OS) in locally advanced urothelial carcinoma patients receiving adjuvant M-VEC chemotherapy. However, it was only significant in univariate analysis, not in multivariate analysis.",hcpc_v1,0.7241,False,0.6945,False,-1.0,pubmedqa,256,mistral
Does HER2 immunoreactivity provide prognostic information in locally advanced urothelial carcinoma patients receiving adjuvant M-VEC chemotherapy?,HER2 immunoreactivity might have a limited prognostic value for advanced urothelial carcinoma patients with adjuvant M-VEC.," Yes, according to the provided context, HER2 immunoreactivity provides prognostic information in locally advanced urothelial carcinoma patients receiving adjuvant M-VEC chemotherapy. It was found to be a significant factor for PFS and disease-specific OS using univariate analysis, but not multivariate analysis.",hcpc_v2,0.7376,False,0.6939,True,0.3373,pubmedqa,256,mistral
Is halofantrine ototoxic?,"Halofantrine has mild to moderate pathological effects on cochlea histology, and can be considered an ototoxic drug."," Yes, according to the provided context, halofantrine appears to be ototoxic as it caused loss and distortion of inner hair cells, inner phalangeal cells, and loss of spiral ganglia cells in guinea pigs.",baseline,0.8851,False,0.3795,False,-1.0,pubmedqa,256,mistral
Is halofantrine ototoxic?,"Halofantrine has mild to moderate pathological effects on cochlea histology, and can be considered an ototoxic drug.", I cannot find this information in the provided context. The context does not mention anything about halofantrine being ototoxic (causing damage to the ear or hearing).,hcpc_v1,0.5933,False,0.3884,False,-1.0,pubmedqa,256,mistral
Is halofantrine ototoxic?,"Halofantrine has mild to moderate pathological effects on cochlea histology, and can be considered an ototoxic drug."," Yes, according to the provided context, halofantrine appears to be ototoxic. The drug caused loss and distortion of inner hair cells, inner phalangeal cells, and spiral ganglia cells in guinea pigs, which are all parts of the ear involved in hearing.",hcpc_v2,0.7631,False,0.3813,True,0.0609,pubmedqa,256,mistral
Visceral adipose tissue area measurement at a single level: can it represent visceral adipose tissue volume?,"VAT area measurement at a single level 3 cm above the lower margin of the L3 vertebra is feasible and can reflect changes in VAT volume and body weight. Advances in knowledge: As VAT area at a CT slice 3cm above the lower margin of L3 can best reflect interval changes in VAT volume and body weight, VAT area measurement should be selected at this location."," Yes, according to the provided context, the visceral adipose tissue (VAT) area measured at a single level, specifically 3 cm above the lower margin of L3, can reflect changes in VAT volume. The correlation between the two was shown to be strong with an r value of 0.853. However, it's important to note that this study did not directly measure VAT volume but rather found a strong correlation between the measured area and volume.",baseline,0.498,True,0.3739,False,-1.0,pubmedqa,256,mistral
Visceral adipose tissue area measurement at a single level: can it represent visceral adipose tissue volume?,"VAT area measurement at a single level 3 cm above the lower margin of the L3 vertebra is feasible and can reflect changes in VAT volume and body weight. Advances in knowledge: As VAT area at a CT slice 3cm above the lower margin of L3 can best reflect interval changes in VAT volume and body weight, VAT area measurement should be selected at this location."," Based on the provided context, there is no information about whether visceral adipose tissue area measurement at a single level can represent visceral adipose tissue volume. The context discusses the study's purpose of determining the optimal CT slice location for VAT area to reflect changes in VAT volume and body weight, but it does not directly address if a single-level measurement can accurately represent the total volume.",hcpc_v1,0.4694,True,0.4057,False,-1.0,pubmedqa,256,mistral
Visceral adipose tissue area measurement at a single level: can it represent visceral adipose tissue volume?,"VAT area measurement at a single level 3 cm above the lower margin of the L3 vertebra is feasible and can reflect changes in VAT volume and body weight. Advances in knowledge: As VAT area at a CT slice 3cm above the lower margin of L3 can best reflect interval changes in VAT volume and body weight, VAT area measurement should be selected at this location."," Yes, according to the provided context, the visceral adipose tissue (VAT) area measured at a single level, specifically 3 cm above the lower margin of L3, can best reflect changes in VAT volume. However, it does not directly represent the absolute VAT volume but rather provides a measure that strongly correlates with changes in VAT volume and body weight.",hcpc_v2,0.519,False,0.3739,True,0.2226,pubmedqa,256,mistral
