dataset,chunking_strategy,strategy_type,chunk_size_param,top_k,question,ground_truth,answer,faithfulness_score,is_hallucination,nli_label,latency_s,ret_mean_similarity,ret_max_similarity,ret_min_similarity,ret_relevance_spread,ret_n_docs,ret_chroma_mean_score
pubmedqa,dynamic,dynamic,512,3,Do mitochondria play a role in remodelling lace plant leaves during programmed cell death?,"Results depicted mitochondrial dynamics in vivo as PCD progresses within the lace plant, and highlight the correlation of this organelle with other organelles during developmental PCD. To the best of our knowledge, this is the first report of mitochondria and chloroplasts moving on transvacuolar strands to form a ring structure surrounding the nucleus during developmental PCD. Also, for the first time, we have shown the feasibility for the use of CsA in a whole plant system. Overall, our findings implicate the mitochondria as playing a critical and early role in developmentally regulated PCD in the lace plant."," Yes, according to the provided context, the role of mitochondria during PCD (Programmed Cell Death) in the lace plant (Aponogeton madagascariensis) has been elucidated. The paper discusses the changes in mitochondrial dynamics during developmentally regulated PCD in vivo in A. madagascariensis, suggesting that mitochondria do play a role in remodeling lace plant leaves during programmed cell death.",0.7552,False,faithful,12.39,0.3039,0.7279,0.0812,0.6467,3,0.1709
pubmedqa,dynamic,dynamic,512,3,Landolt C and snellen e acuity: differences in strabismus amblyopia?,"Using the charts described, there was only a slight overestimation of visual acuity by the Snellen E compared to the Landolt C, even in strabismus amblyopia. Small differences in the lower visual acuity range have to be considered."," Yes, according to the provided context, there are differences in Landolt C and Snellen E acuity for patients with strabismus amblyopia. The mean difference between Landolt C acuity (LR) and Snellen E acuity (SE) was 0.55 lines for this group of patients.",0.6057,False,faithful,11.71,0.3651,0.5886,0.1062,0.4823,3,0.1508
pubmedqa,dynamic,dynamic,512,3,"Syncope during bathing in infants, a pediatric form of water-induced urticaria?","""Aquagenic maladies"" could be a pediatric form of the aquagenic urticaria."," Based on the provided context, it is suggested that syncope (fainting) during bathing in infants could be related to a condition similar to aquagenic urticaria. However, the text does not explicitly state that this is a pediatric form of water-induced urticaria. The symptoms described, such as pallor, hypotonia, and recovery after withdrawal from the bath, are consistent with some forms of urticaria. Additionally, the presence of dermographism in the infants and the increase in blood histamine levels after a trial bath support this hypothesis. But to definitively label it as a pediatric form of water-induced urticaria would require further investigation and confirmation.",0.6383,False,faithful,17.24,0.3072,0.5517,0.1564,0.3953,3,0.1571
pubmedqa,dynamic,dynamic,512,3,Are the long-term results of the transanal pull-through equal to those of the transabdominal pull-through?,"Our long-term study showed significantly better (2-fold) results regarding the continence score for the abdominal approach compared with the transanal pull-through. The stool pattern and enterocolitis scores were somewhat better for the TERPT group. These findings raise an important issue about the current surgical management of HD; however, more cases will need to be studied before a definitive conclusion can be drawn."," Based on the provided context, the study suggests that overall scores were similar between the transanal endorectal pull-through (TERPT) and conventional transabdominal (ABD) pull-through for Hirschsprung disease. However, there was a significant difference in continence score favoring the ABD group, and a better stool pattern score in the TERPT group. Age did not significantly affect the long-term scoring outcome between groups when controlled for age. Therefore, while the overall scores may be similar, the continence score seems to be better in the transabdominal pull-through.",0.5362,False,faithful,16.85,0.369,0.5455,0.2618,0.2836,3,0.0588
pubmedqa,dynamic,dynamic,512,3,Can tailored interventions increase mammography use among HMO women?,"The effects of the intervention were most pronounced after the first intervention. Compared to usual care, telephone counseling seemed particularly effective at promoting change among nonadherent women, the group for whom the intervention was developed. These results suggest that telephone counseling, rather than tailored print, might be the preferred first-line intervention for getting nonadherent women on schedule for mammography screening. Many questions would have to be answered about why the tailored print intervention was not more powerful. Nevertheless, it is clear that additional interventions will be needed to maintain women's adherence to mammography. Medical Subject Headings (MeSH): mammography screening, telephone counseling, tailored print communications, barriers."," Yes, according to the provided context, tailored telephone counseling was found to promote a significantly higher proportion of women having mammograms on schedule compared to usual care and tailored print materials, but only after the first year of intervention. However, it's important to note that this study did not directly compare tailored interventions specifically designed for HMO women.",0.4957,True,hallucinated,11.43,0.3779,0.64,0.2221,0.4179,3,0.1012
pubmedqa,dynamic,dynamic,512,3,Double balloon enteroscopy: is it efficacious and safe in a community setting?,"DBE appears to be equally safe and effective when performed in the community setting as compared to a tertiary referral center with a comparable yield, efficacy, and complication rate."," The provided context does not contain information about the efficacy and safety of double balloon enteroscopy (DBE) in a community setting. It only provides data about DBE procedures performed in a specific time frame, indications for these procedures, and some outcomes related to them. However, it doesn't discuss or compare the efficacy and safety of DBE in different settings like community hospitals versus academic medical centers.",0.7042,False,faithful,14.58,0.3098,0.4207,0.2112,0.2095,3,0.0
pubmedqa,dynamic,dynamic,512,3,30-Day and 1-year mortality in emergency general surgery laparotomies: an area of concern and need for improvement?,"Emergency laparotomy carries a high rate of mortality, especially in those over the age of 70 years, and more needs to be done to improve outcomes, particularly in this group. This could involve increasing acute surgical care manpower, early recognition of patients requiring emergency surgery, development of clear management protocols for such patients or perhaps even considering centralisation of emergency surgical services to specialist centres with multidisciplinary teams involving emergency surgeons and care of the elderly physicians in hospital and related community outreach services for post-discharge care."," Yes, according to the provided context, 30-day and 1-year mortality in emergency general surgery laparotomies is an area of concern and needs improvement. The study mentions that 30-day mortality was 12.4% for those aged under 70 years and 22% for those aged over 70 years, with a significant difference between the two age groups (p<0.001). Similarly, 1-year mortality was 25.15% for those under 70 years and 38% for those over 70 years, also showing a significant difference (p<0.001).",0.5413,False,faithful,17.6,0.518,0.8578,0.3226,0.5352,3,0.2217
pubmedqa,dynamic,dynamic,512,3,Is adjustment for reporting heterogeneity necessary in sleep disorders?,"Sleep disorders are common in the general adult population of Japan. Correction for reporting heterogeneity using anchoring vignettes is not a necessary tool for proper management of sleep and energy related problems among Japanese adults. Older age, gender differences in communicating sleep-related problems, the presence of multiple morbidities, and regular exercise should be the focus of policies and clinical practice to improve sleep and energy management in Japan."," Yes, according to the provided context, adjustment for reporting heterogeneity is necessary in the management of sleep and energy related problems in Japan, as shown by the study conducted on a dataset of 1002 respondents. Without correction of cut-point shifts, age, sex, and the number of comorbidities were significantly associated with a greater severity of sleep-related problems. After correction, age, the number of comorbidities, and regular exercise were significantly associated with a greater severity of sleep-related problems; sex was no longer a significant factor.",0.5183,False,faithful,16.99,0.4145,0.6675,0.2809,0.3866,3,0.0807
pubmedqa,dynamic,dynamic,512,3,Do mutations causing low HDL-C promote increased carotid intima-media thickness?,Genetic variants identified in the present study may be insufficient to promote early carotid atherosclerosis., I cannot find this information in the provided context. The study discussed does not provide evidence regarding whether mutations causing low HDL-C promote increased carotid intima-media thickness.,0.4751,True,hallucinated,9.26,0.4084,0.7521,0.2,0.5521,3,0.1299
pubmedqa,dynamic,dynamic,512,3,A short stay or 23-hour ward in a general and academic children's hospital: are they effective?,This data demonstrates the robust nature of the short stay ward. At these two very different institutions we have shown improved bed efficient and patient care in a cost-effective way. We have also reported on greater parental satisfaction and early return of the child with their family to the community.," Yes, according to the provided context, a short stay or 23-hour ward in both Westmead Hospital and The New Children's Hospital was found to be effective. The short stay ward increased hospital efficiency by reducing the average length of stay, accounted for a significant percentage of admissions, had low rates of patient admission to an in-hospital bed, unscheduled visits within 72 hours of discharge, adverse events, and parental satisfaction was high. Additionally, there were estimated savings due to more efficient bed usage.",0.6521,False,faithful,17.37,0.5194,0.8032,0.3367,0.4665,3,0.1729
pubmedqa,dynamic,dynamic,512,3,Did Chile's traffic law reform push police enforcement?,"Findings suggest that traffic law reforms in order to have an effect on both traffic fatality and injury rates reduction require changes in police enforcement practices. Last, this case also illustrates how the diffusion of successful road safety practices globally promoted by WHO and World Bank can be an important influence for enhancing national road safety practices."," Yes, according to the provided context, Chile's traffic law reform did push for an increase in police traffic enforcement. The study mentions that the enactment of the traffic law reform was associated with an increase in the number of traffic tickets per police officer.",0.6641,False,faithful,11.35,0.2918,0.7167,0.0203,0.6964,3,0.1363
pubmedqa,dynamic,dynamic,512,3,Therapeutic anticoagulation in the trauma patient: is it safe?,"Trauma patients have a significant complication rate related to anticoagulation therapy, and predicting which patients will develop a complication remains unclear. Prospective studies are needed to determine which treatment regimen, if any, is appropriate to safely anticoagulate this high risk population."," Based on the provided context, therapeutic anticoagulation in trauma patients is associated with complications. Twenty-four out of 114 trauma patients (21%) had at least one complication related to anticoagulation. The most common complication was a sudden drop in hemoglobin concentration requiring blood transfusion. However, the context does not provide information on the overall safety or effectiveness of therapeutic anticoagulation in this patient population.",0.6053,False,faithful,15.62,0.4437,0.7836,0.2659,0.5176,3,0.1859
pubmedqa,dynamic,dynamic,512,3,Differentiation of nonalcoholic from alcoholic steatohepatitis: are routine laboratory markers useful?,"Higher MCVs and AST/ALT ratios in ASH reflect the severity of underlying liver disease and do not differentiate NASH from ASH. Instead, these biomarkers might prove useful in guiding selection of patients for liver biopsy and in targeting therapy."," Yes, routine laboratory markers can be useful in differentiating nonalcoholic steatohepatitis (NASH) from alcoholic steatohepatitis (ASH). The context mentions that the mean corpuscular volume (MCV) was elevated in 53% of ASH patients and normal in all NASH patients (P<0.0001), and an AST/ALT ratio>1 was more common in ASH (54.1% vs 20.7%, P = 0.0008). Multivariate analysis identified the MCV, the AST/ALT ratio, and sex as relevant regressors for distinguishing NASH from ASH with an area under the curve (aROC) of 0.92.",0.4294,True,hallucinated,19.65,0.4497,0.8728,0.2142,0.6586,3,0.1627
pubmedqa,dynamic,dynamic,512,3,Prompting Primary Care Providers about Increased Patient Risk As a Result of Family History: Does It Work?,"No change occurred upon instituting simple, at-the-visit family history prompts geared to improve PCPs' ability to identify patients at high risk for 6 common conditions. The results are both surprising and disappointing. Further studies should examine physicians' perception of the utility of prompts for family history risk."," Based on the provided context, the study determined that automated, at-the-visit tailored prompts about family history risk for primary care physicians (PCPs) did not significantly change PCP behavior in terms of adding family history risk to problem summary lists or increasing patient screening status for any of the 6 diseases. However, it's important to note that this study only focused on a specific group of patients and may not be generalizable to all populations.",0.3368,True,hallucinated,13.13,0.4971,0.7599,0.356,0.4039,3,0.1761
pubmedqa,dynamic,dynamic,512,3,Do emergency ultrasound fellowship programs impact emergency medicine residents' ultrasound education?,Emergency US fellowship programs had a positive impact on residents' US educational experiences. Emergency medicine residents performed more scans overall and also used bedside US for more advanced applications in programs with EUS fellowships.," Yes, according to the provided context, emergency ultrasound fellowship programs do appear to have an impact on emergency medicine (EM) residents' ultrasound education. Residents in programs with EUS fellowships reported performing more scans than those in programs without fellowships, and there were significant differences in most applications of bedside US between residency programs with and without fellowships.",0.7828,False,faithful,14.83,0.5258,0.8298,0.3486,0.4812,3,0.1794
pubmedqa,dynamic,dynamic,512,3,Patient-Controlled Therapy of Breathlessness in Palliative Care: A New Therapeutic Concept for Opioid Administration?,Opioid PCT is a feasible and acceptable therapeutic method to reduce refractory breathlessness in palliative care patients.," Yes, the provided context suggests that patient-controlled therapy (PCT) of breathlessness in palliative care could potentially be a new therapeutic concept for opioid administration. The study described in the context investigated the effectiveness of intravenous opioid PCT in reducing breathlessness in patients with advanced disease, and found that it provided relief of breathlessness in 12 out of 18 patients. However, this was a pilot observational study, so further research would be needed to confirm these findings and establish best practices for the use of PCT in palliative care.",0.5633,False,faithful,16.54,0.4172,0.7311,0.1956,0.5355,3,0.1708
pubmedqa,dynamic,dynamic,512,3,Is there still a need for living-related liver transplantation in children?,"The short- and long-term outcomes after LRT and SLT did not differ significantly. To avoid the risk for the donor in LRT, SLT represents the first-line therapy in pediatric liver transplantation in countries where cadaveric organs are available. LRT provides a solution for urgent cases in which a cadaveric graft cannot be found in time or if the choice of the optimal time point for transplantation is vital."," Based on the provided context, the text does not discuss or compare the outcomes of split-liver transplantation (SLT) and living-related liver transplantation (LRT) specifically in children. Therefore, I cannot definitively answer whether there is still a need for living donor liver transplantation in children based solely on this information.",0.601,False,faithful,13.05,0.412,0.6468,0.254,0.3928,3,0.0379
pubmedqa,dynamic,dynamic,512,3,Do patterns of knowledge and attitudes exist among unvaccinated seniors?,Findings suggest that cluster analyses may be useful in identifying groups for targeted health messages.," Yes, patterns of knowledge and attitudes exist among unvaccinated seniors as identified in the provided context. The context mentions four clusters of unvaccinated seniors with different immunization related knowledge and attitudes.",0.8175,False,faithful,9.35,0.4651,0.8278,0.2718,0.556,3,0.202
pubmedqa,dynamic,dynamic,512,3,Is there a model to teach and practice retroperitoneoscopic nephrectomy?,RPN in a porcine model is feasible and could be very useful for teaching and practicing retroperitoneoscopy.," Yes, according to the provided context, a model for teaching and practicing retroperitoneoscopic nephrectomy has been developed using a porcine model. The study aimed to establish this training model and found that an experimental learning curve was eight cases after statistical data analysis.",0.5345,False,faithful,12.72,0.3994,0.7283,0.2317,0.4966,3,0.105
pubmedqa,dynamic,dynamic,512,3,Cardiovascular risk in a rural adult West African population: is resting heart rate also relevant?,Significant associations were observed between RHR and several established cardiovascular risk factors. Prospective studies are needed in sub-Saharan African populations to establish the potential value of RHR in cardiovascular risk assessment.," Yes, resting heart rate (RHR) is relevant as a marker for cardiovascular disease (CVD) risk in a rural adult West African population. The study mentioned that 19% of participants had an elevated RHR (>90 bpm), and individuals with an elevated RHR had a higher risk of casual high blood pressure compared to those with normal RHR, independently of several established CVD risk factors.",0.6252,False,faithful,13.84,0.4866,0.8357,0.2963,0.5395,3,0.1661
pubmedqa,dynamic,dynamic,512,3,Israeli hospital preparedness for terrorism-related multiple casualty incidents: can the surge capacity and injury severity distribution be better predicted?,Hospital preparedness can be better defined by a fixed number of casualties rather than a percentile of its bed capacity. Only 20% of the arriving casualties will require immediate medical treatment. Implementation of this concept may improve the utilisation of national emergency health resources both in the preparation phase and on real time.," Based on the provided context, there is no information available to determine if the surge capacity and injury severity distribution in Israeli hospitals for terrorism-related multiple casualty incidents can be better predicted. The study only evaluates the efficacy of the current readiness guidelines based on the epidemiology of encountered Hospital Multiple Casualty Incidents (HMCIs) without specifically addressing terrorism-related incidents or predicting surge capacity and injury severity distribution.",0.4557,True,hallucinated,16.21,0.4692,0.7204,0.3077,0.4127,3,0.1702
pubmedqa,dynamic,dynamic,512,3,Acute respiratory distress syndrome in children with malignancy--can we predict outcome?,"Peak inspiratory pressure, PEEP, and ventilation index values could distinguish survivors from nonsurvivors by day 3. This may assist in early application of supportive nonconventional therapies in children with malignancy and ARDS."," Yes, according to the provided context, peak inspiratory pressure, positive end-expiratory pressure (PEEP), and ventilation index values could distinguish outcome by day 3. Additionally, a significant relationship between respiratory data and outcome related to efficiency of oxygenation, as determined by PaO(2)/FIO(2) and P(A-a)O(2), was present from day 8 after onset of mechanical ventilation.",0.5851,False,faithful,17.36,0.5291,0.8569,0.3177,0.5392,3,0.1606
pubmedqa,dynamic,dynamic,512,3,Secondhand smoke risk in infants discharged from an NICU: potential for significant health disparities?,"The most disadvantaged families were least likely to have protective health behaviors in place to reduce SHSe and, consequently, are most at-risk for tobacco exposure and subsequent tobacco-related health disparities. Innovative SHSe interventions for this vulnerable population are sorely needed."," Yes, according to the provided context, there is a potential for significant health disparities related to secondhand smoke risk in infants discharged from an NICU. Families with lower annual income (less than $25,000) were less likely to have a total smoking ban in place compared to families earning more, and African American and Caucasian families were less likely to have a smoking ban compared with Hispanics. Additionally, mothers who reported no smoking ban were more depressed than those who had a household smoking ban. These factors could contribute to increased exposure of infants to secondhand smoke, potentially leading to health disparities.",0.5278,False,faithful,18.93,0.4917,0.775,0.338,0.437,3,0.1671
pubmedqa,dynamic,dynamic,512,3,Do nomograms designed to predict biochemical recurrence (BCR) do a better job of predicting more clinically relevant prostate cancer outcomes than BCR?,"Currently available nomograms used to predict BCR accurately predict PCSM and other more clinically relevant endpoints. Moreover, not only do they significantly predict PCSM, but do so with generally greater accuracy than BCR."," Yes, according to the provided context, several nomograms designed to predict biochemical recurrence (BCR) were found to predict more definitive endpoints such as Prostate Cancer-Specific Mortality (PCSM) more accurately than they predicted BCR.",0.5581,False,faithful,13.6,0.4522,0.8367,0.2445,0.5922,3,0.1907
pubmedqa,dynamic,dynamic,512,3,Are reports of mechanical dysfunction in chronic oro-facial pain related to somatisation?,"Self-reported mechanical factors associated with chronic oro-facial pain are confounded, in part, by psychological factors and are equally common across other frequently unexplained syndromes. They may represent another feature of somatisation. Therefore the use of extensive invasive therapy such as occlusal adjustments and surgery to change mechanical factors may not be justified in many cases."," Yes, the provided context suggests that there is a relationship between certain self-reported mechanical factors (such as teeth grinding and facial trauma) and chronic oro-facial pain. However, these same mechanical factors are also commonly associated with the reporting of other frequently unexplained syndromes, which could potentially be related to somatization. The context does not explicitly state that this relationship is definitively due to somatization, but it implies a possibility.",0.5699,False,faithful,15.09,0.4019,0.7941,0.1793,0.6148,3,0.1713
pubmedqa,dynamic,dynamic,512,3,Amblyopia: is visual loss permanent?,Older people with a history of amblyopia who develop visual loss in the previously normal eye can experience recovery of visual function in the amblyopic eye over a period of time. This recovery in visual function occurs in the wake of visual loss in the fellow eye and the improvement appears to be sustained.," The provided context does not specify whether visual loss due to amblyopia is permanent or not. However, it does mention that in some cases of improvement in visual acuity in patients with a history of amblyopia, the improvement remained stable over the period of follow-up, suggesting that some degree of recovery might be possible. But this does not necessarily mean that the initial visual loss due to amblyopia is reversible or permanent.",0.5,False,faithful,14.82,0.3774,0.5363,0.1723,0.3641,3,0.1276
pubmedqa,dynamic,dynamic,512,3,Implementation of epidural analgesia for labor: is the standard of effective analgesia reachable in all women?,"Present audit shows that the process of implementation of labor analgesia was quick, successful and safe, notwithstanding the identification of one cluster of women with suboptimal response to epidural analgesia that need to be further studies, overall pregnant womens'adhesion to labor analgesia was satisfactory."," Based on the provided context, it is not possible to determine if the standard of effective epidural analgesia being implemented for labor can be reached in all women. The study only reports an increase in the use of epidural analgesia from 15.5% to 51%, but does not provide information about whether this increase includes all women who may benefit from it.",0.596,False,faithful,15.08,0.4242,0.8375,0.2074,0.6301,3,0.19
pubmedqa,dynamic,dynamic,512,3,Does HER2 immunoreactivity provide prognostic information in locally advanced urothelial carcinoma patients receiving adjuvant M-VEC chemotherapy?,HER2 immunoreactivity might have a limited prognostic value for advanced urothelial carcinoma patients with adjuvant M-VEC.," Yes, according to the provided context, HER2 immunoreactivity provides prognostic information for progression-free survival (PFS) and disease-specific overall survival (OS) in locally advanced urothelial carcinoma patients receiving adjuvant M-VEC chemotherapy. However, it was only a significant factor in univariate analysis, not in multivariate analysis.",0.6367,False,faithful,15.97,0.4982,0.859,0.2663,0.5928,3,0.2124
pubmedqa,dynamic,dynamic,512,3,Is halofantrine ototoxic?,"Halofantrine has mild to moderate pathological effects on cochlea histology, and can be considered an ototoxic drug."," Yes, according to the provided context, halofantrine appears to be ototoxic as it caused loss and distortion of inner hair cells, inner phalangeal cells, and loss of spiral ganglia cells in guinea pigs.",0.8851,False,faithful,12.43,0.3795,0.6298,0.2186,0.4112,3,0.0712
pubmedqa,dynamic,dynamic,512,3,Visceral adipose tissue area measurement at a single level: can it represent visceral adipose tissue volume?,"VAT area measurement at a single level 3 cm above the lower margin of the L3 vertebra is feasible and can reflect changes in VAT volume and body weight. Advances in knowledge: As VAT area at a CT slice 3cm above the lower margin of L3 can best reflect interval changes in VAT volume and body weight, VAT area measurement should be selected at this location."," Yes, according to the provided context, the visceral adipose tissue (VAT) area measured at a slice 3 cm above the lower margin of L3 can best reflect changes in VAT volume. However, it's important to note that this is an approximation and may not perfectly represent the total VAT volume due to variations within the body.",0.5118,False,faithful,14.25,0.3428,0.6079,0.1633,0.4447,3,0.0583
