dataset,query_index,question,ground_truth,faithfulness_score,is_hallucination,retrieval_latency_ms,generation_latency_ms,total_latency_ms,n_leaves_returned,n_summaries_returned
squad,0,Which NFL team represented the AFC at Super Bowl 50?,Denver Broncos,0.7354,False,90.281,1299.983,1390.264,2,1
squad,1,Which NFL team represented the NFC at Super Bowl 50?,Carolina Panthers,0.8891,False,7.148,668.642,675.79,2,1
squad,2,Where did Super Bowl 50 take place?,"Santa Clara, California",0.9516,False,7.478,1143.452,1150.93,2,1
squad,3,Which NFL team won Super Bowl 50?,Denver Broncos,0.9247,False,7.279,984.723,992.002,2,1
squad,4,What color was used to emphasize the 50th anniversary of the Super Bowl?,gold,1.0,False,10.988,673.956,684.945,2,1
squad,5,What was the theme of Super Bowl 50?,"""golden anniversary""",0.8925,False,9.526,1000.251,1009.777,2,1
squad,6,What day was the game played on?,"February 7, 2016",0.8967,False,6.827,1189.194,1196.021,2,1
squad,7,What is the AFC short for?,American Football Conference,0.6259,False,6.931,1536.087,1543.018,2,1
squad,8,What was the theme of Super Bowl 50?,"""golden anniversary""",0.8925,False,7.328,1163.219,1170.547,2,1
squad,9,What does AFC stand for?,American Football Conference,0.982,False,7.491,827.5,834.991,2,1
squad,10,What day was the Super Bowl played on?,"February 7, 2016",0.8567,False,9.951,1274.584,1284.536,2,1
squad,11,Who won Super Bowl 50?,Denver Broncos,0.9247,False,6.624,1083.632,1090.256,2,1
squad,12,What venue did Super Bowl 50 take place in?,Levi's Stadium,0.793,False,7.304,1086.914,1094.218,2,1
squad,13,What city did Super Bowl 50 take place in?,Santa Clara,0.5782,False,6.702,1360.855,1367.557,2,1
squad,14,"If Roman numerals were used, what would Super Bowl 50 have been called?",Super Bowl L,0.475,True,11.021,1584.339,1595.36,2,1
squad,15,Super Bowl 50 decided the NFL champion for what season?,2015,0.7112,False,7.552,1377.176,1384.727,2,1
squad,16,What year did the Denver Broncos secure a Super Bowl title for the third time?,2015,0.7632,False,12.094,1170.743,1182.837,2,1
squad,17,What city did Super Bowl 50 take place in?,Santa Clara,0.5782,False,9.035,1374.171,1383.205,2,1
squad,18,What stadium did Super Bowl 50 take place in?,Levi's Stadium,0.793,False,7.024,396.756,403.78,2,1
squad,19,What was the final score of Super Bowl 50? ,24–10,0.7805,False,6.63,1327.74,1334.37,2,1
squad,20,"What month, day and year did Super Bowl 50 take place? ","February 7, 2016",0.6229,False,8.469,870.668,879.137,2,1
squad,21,What year was Super Bowl 50?,2015,1.0,False,6.778,755.984,762.762,2,1
squad,22,What team was the AFC champion?,Denver Broncos,0.6101,False,7.715,884.453,892.168,2,1
squad,23,What team was the NFC champion?,Carolina Panthers,0.7093,False,6.736,1189.576,1196.311,2,1
squad,24,Who won Super Bowl 50?,Denver Broncos,0.9247,False,6.748,1083.323,1090.071,2,1
squad,25,Super Bowl 50 determined the NFL champion for what season?,2015,0.7168,False,6.88,1130.728,1137.607,2,1
squad,26,Which team won Super Bowl 50.,Denver Broncos,0.9247,False,7.79,871.238,879.029,2,1
squad,27,Where was Super Bowl 50 held?,"Santa Clara, California.",0.9411,False,6.939,1181.153,1188.092,2,1
squad,28,The name of the NFL championship game is?,Super Bowl,0.6706,False,6.956,1265.384,1272.341,2,1
squad,29,What 2015 NFL team one the AFC playoff?,Denver Broncos,0.6871,False,7.184,1375.418,1382.601,2,1
squad,30,Which Carolina Panthers player was named Most Valuable Player?,Cam Newton,1.0,False,6.987,757.373,764.36,2,1
squad,31,How many appearances have the Denver Broncos made in the Super Bowl?,8,0.5777,False,7.925,1184.911,1192.835,2,1
squad,32,What year was the Carolina Panthers franchise founded?,1995,0.6925,False,8.449,1684.669,1693.118,2,1
squad,33,What team did the Panthers defeat?,Arizona Cardinals,0.892,False,8.893,2667.109,2676.002,2,1
squad,34,Who did the Broncos prevent from going to the Super Bowl?,New England Patriots,0.4992,True,8.552,1146.016,1154.568,2,1
squad,35,Who did the Panthers beat in the NFC Championship Game?,Arizona Cardinals,0.7547,False,9.757,2126.422,2136.179,2,1
squad,36,Who lost to the Broncos in the AFC Championship?,New England Patriots,0.7878,False,7.171,1047.171,1054.342,2,1
squad,37,Who were the defending Super Bowl champions?,New England Patriots,0.5343,False,9.869,3042.867,3052.736,2,1
squad,38,How many teams have been in the Super Bowl eight times?,four,0.7483,False,9.405,1980.937,1990.342,2,1
squad,39,Who was this season's NFL MVP?,Cam Newton,1.0,False,7.104,744.173,751.277,2,1
squad,40,What was the win/loss ratio in 2015 for the Carolina Panthers during their regular season?,15–1,0.484,True,10.827,1516.626,1527.453,2,1
squad,41,Which Carolina Panthers team member was picked as the team's MVP in 2015? ,Cam Newton,0.5984,False,7.014,1300.518,1307.532,2,1
squad,42,What were the win/loss game stats for the Denver Bronco's regular season in 2015?,12–4,0.9592,False,7.17,1592.199,1599.369,2,1
squad,43,How many teams have played in the Super Bowl eight times?,4,0.7423,False,6.653,2010.028,2016.681,2,1
squad,44,Which team did not get a chance to defend their Super Bowl XLIX win in Super Bowl 50?,New England Patriots,0.5369,False,10.297,1558.115,1568.412,2,1
squad,45,Who is the quarterback for the Panthers?,Cam Newton,1.0,False,6.719,804.702,811.421,2,1
squad,46,Who did Carolina beat in the NFC championship game?,Arizona Cardinals,0.9783,False,8.079,1222.036,1230.115,2,1
squad,47,How many times have the Panthers been in the Super Bowl?,2,0.4344,True,6.964,2072.719,2079.683,2,1
squad,48,Who did Denver beat in the AFC championship?,New England Patriots,0.9658,False,9.362,1107.13,1116.491,2,1
squad,49,Who was the Most Valuable Player for the 2015 NFL season?,Cam Newton,0.7274,False,6.917,1461.241,1468.158,2,1
squad,50,Who did Denver beat in the 2015 AFC Championship game?,New England Patriots,0.9649,False,6.79,1249.345,1256.135,2,1
squad,51,Who did the Carolina Panthers beat in the 2015 NFC Championship game?,Arizona Cardinals,0.9738,False,7.183,1392.27,1399.453,2,1
squad,52,Who was the 2015 NFL MVP?,Cam Newton,1.0,False,6.666,755.231,761.897,2,1
squad,53,Who did the Panthers beat to become the NFC champs?,Arizona Cardinals,0.5559,False,13.551,2107.141,2120.691,2,1
squad,54,What year did the Carolina Panthers form?,1995.,0.679,False,8.203,1504.683,1512.886,2,1
squad,55,Who was the Super Bowl 50 MVP?,Von Miller,1.0,False,7.094,670.799,677.893,2,1
squad,56,How many fumbles did Von Miller force in Super Bowl 50?,2,0.6327,False,10.169,1087.769,1097.938,2,1
squad,57,Which team held the scoring lead throughout the entire game?,Broncos,0.7646,False,6.755,1130.949,1137.704,2,1
squad,58,Which Denver linebacker was named Super Bowl MVP?,linebacker Von Miller,1.0,False,11.505,733.436,744.941,2,1
squad,59,How many solo tackles did Von Miller make at Super Bowl 50?,five solo tackles,0.7654,False,8.612,684.069,692.681,2,1
squad,60,Who was limited by Denver's defense?,Newton was limited by Denver's defense,0.8227,False,9.07,1648.563,1657.633,2,1
squad,61,How many times was Cam Newton sacked?,seven,0.6365,False,7.031,4836.597,4843.628,2,1
squad,62,Who won the Super Bowl MVP?,Von Miller,1.0,False,7.938,668.863,676.801,2,1
squad,63,How many turnovers did Cam Newton have?,three,0.7013,False,7.342,1273.53,1280.872,2,1
squad,64,How many fumbles did Von Miller force?,two,0.4624,True,7.357,1863.477,1870.834,2,1
squad,65,Who was given the esteemed status of MVP for Super Bowl 50?,Von Miller,1.0,False,7.609,686.017,693.626,2,1
squad,66,What position does Von Miller play for the Denver Broncos?,linebacker,0.6797,False,10.227,1270.587,1280.814,2,1
squad,67,What was the number of solo tackles that Von Miller had in Super Bowl 50?,5,1.0,False,10.948,14749.704,14760.652,2,1
squad,68,How many forced fumbles did Von Miller have during the Super Bowl 50 game?,2,0.5297,False,10.983,1113.761,1124.744,2,1
squad,69,Who won the MVP for the Super Bowl?,Von Miller,1.0,False,9.007,649.495,658.503,2,1
squad,70,How many tackles did Von Miller get during the game?,5,0.5638,False,10.086,1835.09,1845.176,2,1
squad,71,How many times was Cam Newton sacked in Super Bowl 50?,seven,0.8119,False,6.803,696.331,703.133,2,1
squad,72,How many times did the Denver defense force Newton into turnovers?,three,0.7482,False,7.565,1012.776,1020.341,2,1
squad,73,Which Newton turnover resulted in seven points for Denver?,a fumble,0.6771,False,8.426,3145.427,3153.852,2,1
squad,74,Who was the Most Valuable Player of Super Bowl 50?,Von Miller,1.0,False,9.735,754.955,764.691,2,1
squad,75,What position does Von Miller play?,linebacker,0.6616,False,11.112,959.587,970.699,2,1
squad,76,How many times was the Panthers' quarterback sacked?,seven,0.6025,False,6.94,2913.728,2920.668,2,1
squad,77,How many times did the Broncos cause turnovers in the game?,three,0.8296,False,6.951,1054.192,1061.143,2,1
squad,78,What Denver player caused two fumbles for the Panthers?,Von Miller,0.5501,False,7.097,2572.374,2579.471,2,1
squad,79,How many tackles did Von Miller accomlish by himself in the game?,five,0.6876,False,9.025,1575.03,1584.055,2,1
squad,80,Which network broadcasted Super Bowl 50 in the U.S.?,CBS,1.0,False,7.497,887.935,895.432,2,1
squad,81,What was the average cost for a 30 second commercial during Super Bowl 50?,$5 million,0.6206,False,10.381,1548.335,1558.716,2,1
squad,82,Which group headlined the Super Bowl 50 halftime show?,Coldplay,1.0,False,7.056,714.54,721.597,2,1
squad,83,Which performers joined the headliner during the Super Bowl 50 halftime show?,Beyoncé and Bruno Mars,0.9434,False,13.692,747.289,760.981,2,1
squad,84,At which Super Bowl did Beyonce headline the halftime show?,Super Bowl XLVII,0.7889,False,8.371,1338.693,1347.063,2,1
squad,85,Who was the broadcaster for Super Bowl 50 in the United States?,CBS,0.8447,False,7.189,1309.419,1316.607,2,1
squad,86,What was the average cost of a 30-second commercial?,$5 million,0.6346,False,6.474,1558.701,1565.175,2,1
squad,87,What halftime performer previously headlined Super Bowl XLVII?,Beyoncé,1.0,False,6.913,859.484,866.397,2,1
squad,88,What halftime performer previously headlined Super Bowl XLVIII?,Bruno Mars,0.8951,False,10.156,653.972,664.129,2,1
squad,89,Who was the main performer at this year's halftime show?,Coldplay,0.7873,False,7.655,709.014,716.669,2,1
squad,90,Which network broadcasted the 50th Super Bowl game? ,CBS,1.0,False,7.736,894.245,901.981,2,1
squad,91,What was the average cost for a TV ad lasting 30 seconds during Super Bowl 50?,$5 million,0.5988,False,7.754,1601.289,1609.044,2,1
squad,92,Who was the male singer who performed as a special guest during Super Bowl 50?,Bruno Mars,1.0,False,11.243,839.854,851.096,2,1
squad,93,What ranking does the Super Bowl 50 halftime show have on the list of most watched TV broadcasts?,third,0.7489,False,9.727,2054.485,2064.211,2,1
squad,94,What station aired the Super Bowl?,CBS,0.8401,False,9.037,1276.482,1285.518,2,1
squad,95,How much money did a 1/2 minute commercial cost?,$5 million,0.6287,False,10.958,2330.868,2341.825,2,1
squad,96,What band headlined half-time during Super Bowl 50?,Coldplay,1.0,False,6.508,780.525,787.033,2,1
squad,97,What two artists came out with Coldplay during the half-time show?,Beyoncé and Bruno Mars,0.7582,False,8.64,977.196,985.836,2,1
squad,98,Who broadcast the Super Bowl on TV?,CBS,0.9132,False,6.757,1017.315,1024.072,2,1
squad,99,Who headlined the halftime show for Super Bowl 50?,Coldplay,0.8645,False,6.809,1295.362,1302.171,2,1
pubmedqa,0,Do mitochondria play a role in remodelling lace plant leaves during programmed cell death?,"Results depicted mitochondrial dynamics in vivo as PCD progresses within the lace plant, and highlight the correlation of this organelle with other organelles during developmental PCD. To the best of our knowledge, this is the first report of mitochondria and chloroplasts moving on transvacuolar strands to form a ring structure surrounding the nucleus during developmental PCD. Also, for the first time, we have shown the feasibility for the use of CsA in a whole plant system. Overall, our findings implicate the mitochondria as playing a critical and early role in developmentally regulated PCD in the lace plant.",0.6835,False,7.552,4453.942,4461.494,2,1
pubmedqa,1,Landolt C and snellen e acuity: differences in strabismus amblyopia?,"Using the charts described, there was only a slight overestimation of visual acuity by the Snellen E compared to the Landolt C, even in strabismus amblyopia. Small differences in the lower visual acuity range have to be considered.",0.5877,False,9.13,4291.77,4300.9,2,1
pubmedqa,2,"Syncope during bathing in infants, a pediatric form of water-induced urticaria?","""Aquagenic maladies"" could be a pediatric form of the aquagenic urticaria.",0.6648,False,7.484,3025.816,3033.3,2,1
pubmedqa,3,Are the long-term results of the transanal pull-through equal to those of the transabdominal pull-through?,"Our long-term study showed significantly better (2-fold) results regarding the continence score for the abdominal approach compared with the transanal pull-through. The stool pattern and enterocolitis scores were somewhat better for the TERPT group. These findings raise an important issue about the current surgical management of HD; however, more cases will need to be studied before a definitive conclusion can be drawn.",0.517,False,12.428,3462.277,3474.705,2,1
pubmedqa,4,Can tailored interventions increase mammography use among HMO women?,"The effects of the intervention were most pronounced after the first intervention. Compared to usual care, telephone counseling seemed particularly effective at promoting change among nonadherent women, the group for whom the intervention was developed. These results suggest that telephone counseling, rather than tailored print, might be the preferred first-line intervention for getting nonadherent women on schedule for mammography screening. Many questions would have to be answered about why the tailored print intervention was not more powerful. Nevertheless, it is clear that additional interventions will be needed to maintain women's adherence to mammography. Medical Subject Headings (MeSH): mammography screening, telephone counseling, tailored print communications, barriers.",0.4606,True,8.499,3075.355,3083.855,2,1
pubmedqa,5,Double balloon enteroscopy: is it efficacious and safe in a community setting?,"DBE appears to be equally safe and effective when performed in the community setting as compared to a tertiary referral center with a comparable yield, efficacy, and complication rate.",0.6364,False,7.485,3755.313,3762.798,2,1
pubmedqa,6,30-Day and 1-year mortality in emergency general surgery laparotomies: an area of concern and need for improvement?,"Emergency laparotomy carries a high rate of mortality, especially in those over the age of 70 years, and more needs to be done to improve outcomes, particularly in this group. This could involve increasing acute surgical care manpower, early recognition of patients requiring emergency surgery, development of clear management protocols for such patients or perhaps even considering centralisation of emergency surgical services to specialist centres with multidisciplinary teams involving emergency surgeons and care of the elderly physicians in hospital and related community outreach services for post-discharge care.",0.6401,False,7.932,5249.402,5257.334,2,1
pubmedqa,7,Is adjustment for reporting heterogeneity necessary in sleep disorders?,"Sleep disorders are common in the general adult population of Japan. Correction for reporting heterogeneity using anchoring vignettes is not a necessary tool for proper management of sleep and energy related problems among Japanese adults. Older age, gender differences in communicating sleep-related problems, the presence of multiple morbidities, and regular exercise should be the focus of policies and clinical practice to improve sleep and energy management in Japan.",0.5106,False,7.995,2929.772,2937.767,2,1
pubmedqa,8,Do mutations causing low HDL-C promote increased carotid intima-media thickness?,Genetic variants identified in the present study may be insufficient to promote early carotid atherosclerosis.,0.5563,False,7.154,4325.807,4332.96,2,1
pubmedqa,9,A short stay or 23-hour ward in a general and academic children's hospital: are they effective?,This data demonstrates the robust nature of the short stay ward. At these two very different institutions we have shown improved bed efficient and patient care in a cost-effective way. We have also reported on greater parental satisfaction and early return of the child with their family to the community.,0.5285,False,7.511,4325.066,4332.577,2,1
pubmedqa,10,Did Chile's traffic law reform push police enforcement?,"Findings suggest that traffic law reforms in order to have an effect on both traffic fatality and injury rates reduction require changes in police enforcement practices. Last, this case also illustrates how the diffusion of successful road safety practices globally promoted by WHO and World Bank can be an important influence for enhancing national road safety practices.",0.5285,False,6.999,3195.443,3202.441,2,1
pubmedqa,11,Therapeutic anticoagulation in the trauma patient: is it safe?,"Trauma patients have a significant complication rate related to anticoagulation therapy, and predicting which patients will develop a complication remains unclear. Prospective studies are needed to determine which treatment regimen, if any, is appropriate to safely anticoagulate this high risk population.",0.596,False,8.451,4339.939,4348.391,2,1
pubmedqa,12,Differentiation of nonalcoholic from alcoholic steatohepatitis: are routine laboratory markers useful?,"Higher MCVs and AST/ALT ratios in ASH reflect the severity of underlying liver disease and do not differentiate NASH from ASH. Instead, these biomarkers might prove useful in guiding selection of patients for liver biopsy and in targeting therapy.",0.4936,True,7.07,5496.826,5503.896,2,1
pubmedqa,13,Prompting Primary Care Providers about Increased Patient Risk As a Result of Family History: Does It Work?,"No change occurred upon instituting simple, at-the-visit family history prompts geared to improve PCPs' ability to identify patients at high risk for 6 common conditions. The results are both surprising and disappointing. Further studies should examine physicians' perception of the utility of prompts for family history risk.",0.409,True,8.884,4259.97,4268.854,2,1
pubmedqa,14,Do emergency ultrasound fellowship programs impact emergency medicine residents' ultrasound education?,Emergency US fellowship programs had a positive impact on residents' US educational experiences. Emergency medicine residents performed more scans overall and also used bedside US for more advanced applications in programs with EUS fellowships.,0.7903,False,9.854,3279.808,3289.662,2,1
pubmedqa,15,Patient-Controlled Therapy of Breathlessness in Palliative Care: A New Therapeutic Concept for Opioid Administration?,Opioid PCT is a feasible and acceptable therapeutic method to reduce refractory breathlessness in palliative care patients.,0.6396,False,8.303,5180.7,5189.003,2,1
pubmedqa,16,Is there still a need for living-related liver transplantation in children?,"The short- and long-term outcomes after LRT and SLT did not differ significantly. To avoid the risk for the donor in LRT, SLT represents the first-line therapy in pediatric liver transplantation in countries where cadaveric organs are available. LRT provides a solution for urgent cases in which a cadaveric graft cannot be found in time or if the choice of the optimal time point for transplantation is vital.",0.7715,False,7.497,2148.167,2155.664,2,1
pubmedqa,17,Do patterns of knowledge and attitudes exist among unvaccinated seniors?,Findings suggest that cluster analyses may be useful in identifying groups for targeted health messages.,0.6029,False,7.374,2943.965,2951.339,2,1
pubmedqa,18,Is there a model to teach and practice retroperitoneoscopic nephrectomy?,RPN in a porcine model is feasible and could be very useful for teaching and practicing retroperitoneoscopy.,0.6466,False,14.907,1976.141,1991.048,2,1
pubmedqa,19,Cardiovascular risk in a rural adult West African population: is resting heart rate also relevant?,Significant associations were observed between RHR and several established cardiovascular risk factors. Prospective studies are needed in sub-Saharan African populations to establish the potential value of RHR in cardiovascular risk assessment.,0.6473,False,7.524,3953.187,3960.712,2,1
pubmedqa,20,Israeli hospital preparedness for terrorism-related multiple casualty incidents: can the surge capacity and injury severity distribution be better predicted?,Hospital preparedness can be better defined by a fixed number of casualties rather than a percentile of its bed capacity. Only 20% of the arriving casualties will require immediate medical treatment. Implementation of this concept may improve the utilisation of national emergency health resources both in the preparation phase and on real time.,0.4548,True,8.027,3668.512,3676.539,2,1
pubmedqa,21,Acute respiratory distress syndrome in children with malignancy--can we predict outcome?,"Peak inspiratory pressure, PEEP, and ventilation index values could distinguish survivors from nonsurvivors by day 3. This may assist in early application of supportive nonconventional therapies in children with malignancy and ARDS.",0.6125,False,7.873,4132.942,4140.815,2,1
pubmedqa,22,Secondhand smoke risk in infants discharged from an NICU: potential for significant health disparities?,"The most disadvantaged families were least likely to have protective health behaviors in place to reduce SHSe and, consequently, are most at-risk for tobacco exposure and subsequent tobacco-related health disparities. Innovative SHSe interventions for this vulnerable population are sorely needed.",0.5747,False,7.568,5169.82,5177.388,2,1
pubmedqa,23,Do nomograms designed to predict biochemical recurrence (BCR) do a better job of predicting more clinically relevant prostate cancer outcomes than BCR?,"Currently available nomograms used to predict BCR accurately predict PCSM and other more clinically relevant endpoints. Moreover, not only do they significantly predict PCSM, but do so with generally greater accuracy than BCR.",0.5573,False,7.661,3009.183,3016.844,2,1
pubmedqa,24,Are reports of mechanical dysfunction in chronic oro-facial pain related to somatisation?,"Self-reported mechanical factors associated with chronic oro-facial pain are confounded, in part, by psychological factors and are equally common across other frequently unexplained syndromes. They may represent another feature of somatisation. Therefore the use of extensive invasive therapy such as occlusal adjustments and surgery to change mechanical factors may not be justified in many cases.",0.6125,False,7.217,5031.426,5038.643,2,1
pubmedqa,25,Amblyopia: is visual loss permanent?,Older people with a history of amblyopia who develop visual loss in the previously normal eye can experience recovery of visual function in the amblyopic eye over a period of time. This recovery in visual function occurs in the wake of visual loss in the fellow eye and the improvement appears to be sustained.,0.6026,False,9.12,3787.839,3796.959,2,1
pubmedqa,26,Implementation of epidural analgesia for labor: is the standard of effective analgesia reachable in all women?,"Present audit shows that the process of implementation of labor analgesia was quick, successful and safe, notwithstanding the identification of one cluster of women with suboptimal response to epidural analgesia that need to be further studies, overall pregnant womens'adhesion to labor analgesia was satisfactory.",0.5422,False,8.557,3453.964,3462.521,2,1
pubmedqa,27,Does HER2 immunoreactivity provide prognostic information in locally advanced urothelial carcinoma patients receiving adjuvant M-VEC chemotherapy?,HER2 immunoreactivity might have a limited prognostic value for advanced urothelial carcinoma patients with adjuvant M-VEC.,0.5817,False,7.765,4084.215,4091.98,2,1
pubmedqa,28,Is halofantrine ototoxic?,"Halofantrine has mild to moderate pathological effects on cochlea histology, and can be considered an ototoxic drug.",0.8508,False,6.968,3068.835,3075.803,2,1
pubmedqa,29,Visceral adipose tissue area measurement at a single level: can it represent visceral adipose tissue volume?,"VAT area measurement at a single level 3 cm above the lower margin of the L3 vertebra is feasible and can reflect changes in VAT volume and body weight. Advances in knowledge: As VAT area at a CT slice 3cm above the lower margin of L3 can best reflect interval changes in VAT volume and body weight, VAT area measurement should be selected at this location.",0.6121,False,10.158,3347.445,3357.602,2,1
pubmedqa,30,Necrotizing fasciitis: an indication for hyperbaric oxygenation therapy?,The results of this study cast doubt on the suggested advantage of HBO in reducing patient mortality and morbidity when used as adjuvant therapy for NF.,0.4727,True,8.432,2222.333,2230.766,2,1
pubmedqa,31,Is the Hawkins sign able to predict necrosis in fractures of the neck of the astragalus?,"A positive Hawkins sign rules out that the fractured talus has developed avascular necrosis, but its absence does not confirm it.",0.3198,True,9.454,4033.985,4043.439,2,1
pubmedqa,32,Is a mandatory general surgery rotation necessary in the surgical clerkship?,Effective undergraduate surgical education can be offered in many specialty settings. Removal of the requirement for general surgery in clerkship may lead to a more effective use of all educational opportunities. A careful analysis of local programs and facilities is necessary before suggesting this change to other institutions.,0.3603,True,8.094,3221.36,3229.454,2,1
pubmedqa,33,Is Acupuncture Efficacious for Treating Phonotraumatic Vocal Pathologies?,The findings showed that acupuncture of voice-related acupoints could bring about improvement in vocal function and healing of vocal fold lesions.,0.7859,False,7.754,4291.739,4299.493,2,1
pubmedqa,34,Is aneurysm repair justified for the patients aged 80 or older after aneurysmal subarachnoid hemorrhage?,"Better prognosis was obtained when ruptured aneurysm was repaired in the elderly than it was treated conservatively. From the results of this study, we should not hesitate to offer the definitive surgery for the elderly with aSAH.",0.5878,False,7.712,5004.473,5012.185,2,1
pubmedqa,35,Do general practice characteristics influence uptake of an information technology (IT) innovation in primary care?,"The analyses show that structural characteristics of a practice are not associated with uptake of a new IT facility, but that its use may be influenced by post-graduate education in the relevant clinical condition. For this diabetes system at least, practice nurse use was critical in spreading uptake beyond initial GP enthusiasts and for sustained and rising use in subsequent years.",0.7518,False,11.822,4317.212,4329.034,2,1
pubmedqa,36,Prognosis of well differentiated small hepatocellular carcinoma--is well differentiated hepatocellular carcinoma clinically early cancer?,"W-d HCCs were clinically demonstrated not to be early cancer, because there was no significant difference in disease free survival between the patients with w-d and l-d HCCs.",0.5609,False,10.998,6268.773,6279.771,2,1
pubmedqa,37,Do follow-up recommendations for abnormal Papanicolaou smears influence patient adherence?,"Adherence to follow-up was low in this family planning clinic population, no matter what type of follow-up was advised. Adherence was improved by the use of up to 3 reminders. Allocating resources to effective methods for improving adherence to follow-up of abnormal results may be more important than which follow-up procedure is recommended.",0.5408,False,8.002,4198.461,4206.463,2,1
pubmedqa,38,Biomolecular identification of allergenic pollen: a new perspective for aerobiological monitoring?,"The real-time PCR approach revealed promising results in pollen identification and quantification, even when analyzing pollen mixes. Future perspectives could concern the development of multiplex real-time PCR for the simultaneous detection of different taxa in the same reaction tube and the application of high-throughput molecular methods.",0.843,False,8.631,4151.055,4159.685,2,1
pubmedqa,39,Does diabetes mellitus influence the efficacy of FDG-PET in the diagnosis of cervical cancer?,"In comparison with its accuracy in non-DM patients, the accuracy of PET in cervical cancer patients with mild to moderate DM was not significantly reduced.",0.5479,False,8.708,5666.385,5675.093,2,1
pubmedqa,40,Biomechanical and wound healing characteristics of corneas after excimer laser keratorefractive surgery: is there a difference between advanced surface ablation and sub-Bowman's keratomileusis?,"Ophthalmic pathology and basic science research show that SBK and ASA are improvements in excimer laser keratorefractive surgery compared to conventional LASIK or PRK, particularly with regard to maintaining corneal biomechanics and perhaps moderately reducing the risk of corneal haze. However, most of the disadvantages caused by wound healing issues remain.",0.4748,True,8.42,6039.941,6048.361,2,1
pubmedqa,41,Does radiotherapy of the primary rectal cancer affect prognosis after pelvic exenteration for recurrent rectal cancer?,Patients who previously received radiotherapy for primary rectal cancer treatment have worse oncologic outcomes than those who had not received radiotherapy after pelvic exenteration for locally recurrent rectal cancer.,0.6125,False,11.13,2869.329,2880.458,2,1
pubmedqa,42,Can a practicing surgeon detect early lymphedema reliably?,An increase of 5% in circumference measurements identified the most potential lymphedema cases compared with an academic trial.,0.4639,True,7.047,3052.35,3059.397,2,1
pubmedqa,43,Colorectal cancer with synchronous liver metastases: does global management at the same centre improve results?,"GM of CRC and SLM was associated with fewer procedures but did not influence overall survival. SM was associated with a longer delay and increased use of chemotherapy between procedures, suggesting that more rigorous selection of SM patients for surgery may explain the higher disease-free survival after SLM resection.",0.741,False,9.189,3890.993,3900.182,2,1
pubmedqa,44,Is motion perception deficit in schizophrenia a consequence of eye-tracking abnormality?,"Speed discrimination, per se, is not impaired in schizophrenia patients. The observed abnormality appears to be a consequence of impairment in generating or integrating the feedback information from eye movements. This study introduces a novel approach to motion perception studies and highlights the importance of concurrently measuring eye movements to understand interactions between these two systems; the results argue for a conceptual revision regarding motion perception abnormality in schizophrenia.",0.4974,True,7.628,2970.287,2977.915,2,1
pubmedqa,45,Transgastric endoscopic splenectomy: is it possible?,Transgastric endoscopic splenectomy in a porcine model appears technically feasible. Additional long-term survival experiments are planned.,0.6381,False,8.359,2150.761,2159.12,2,1
pubmedqa,46,It's Fournier's gangrene still dangerous?,"The interval from the onset of clinical symptoms to the initial surgical intervention seems to be the most important prognostic factor with a significant impact on outcome. Despite extensive therapeutic efforts, Fournier's gangrene remains a surgical emergency and early recognition with prompt radical debridement is the mainstays of management.",0.5803,False,7.215,2049.241,2056.455,2,1
pubmedqa,47,Is it appropriate to implant kidneys from elderly donors in young recipients?,"We conclude that patient and graft survival on transplanting kidneys from elderly donors to young recipients is superimposable on that obtained with young donors. However, renal function is better in the group of young donors.",0.5577,False,8.032,3964.76,3972.792,2,1
pubmedqa,48,Do provider service networks result in lower expenditures compared with HMOs or primary care case management in Florida's Medicaid program?,The Medicaid Demonstration in Florida appears to result in lower PMPM expenditures. Demonstration PSNs generated slightly greater reductions in expenditures compared to Demonstration HMOs. PSNs appear to be a promising model for delivering care to Medicaid enrollees.,0.4941,True,7.389,3187.838,3195.226,2,1
pubmedqa,49,Assessment of carotid artery stenosis before coronary artery bypass surgery. Is it always necessary?,"In our cohort, selective screening of patients aged>70 years, with carotid bruit, a history of cerebrovascular disease, diabetes mellitus or PVD would have reduced the screening load by 40%, with trivial impact on surgical management or neurological outcomes.",0.3864,True,7.277,4858.311,4865.588,2,1
pubmedqa,50,Should direct mesocolon invasion be included in T4 for the staging of gastric cancer?,Mesocolon invasion should be included in T4 for the staging of gastric cancer.,0.4818,True,7.717,2873.332,2881.048,2,1
pubmedqa,51,Do Surrogates of Injury Severity Influence the Occurrence of Heterotopic Ossification in Fractures of the Acetabulum?,"Surrogates of injury severity, including days in the ICU and non-ICU hospital LOS>10 days, were associated with the development of HO in our cohort of acetabular fracture patients. Prophylaxis with XRT was significantly protective against the development of HO, and the ability to provide prophylaxis is very likely related to the severity of injury.",0.4743,True,7.594,4251.602,4259.196,2,1
pubmedqa,52,Does pretreatment with statins improve clinical outcome after stroke?,"The statistical power of this case-referent study was such that only large beneficial effects of statins in acute stroke could be confirmed. However, the observed trend, together with experimental observations, is interesting enough to warrant a more detailed analysis of the relationship between statins and stroke outcome.",0.45,True,9.44,3315.933,3325.373,2,1
pubmedqa,53,Processing fluency effects: can the content and presentation of participant information sheets influence recruitment and participation for an antenatal intervention?,Font influenced pregnant women's ratings of intervention complexity.,0.5454,False,9.672,4618.856,4628.529,2,1
pubmedqa,54,Sternal fracture in growing children : A rare and often overlooked fracture?,Isolated sternal fractures in childhood are often due to typical age-related traumatic incidents. Ultrasonography is a useful diagnostic tool for fracture detection and radiography is the method of choice for visualization of the extent of the dislocation.,0.5036,False,8.579,1512.534,1521.113,2,1
pubmedqa,55,Is there a correlation between androgens and sexual desire in women?,"In the present study, FT and androstenedione were statistically significantly correlated with sexual desire in the total cohort of women. ADT-G did not correlate more strongly than circulating androgens with sexual desire and is therefore not superior to measuring circulating androgens by mass spectrometry.",0.6514,False,7.545,4828.717,4836.262,2,1
pubmedqa,56,Does immediate breast reconstruction compromise the delivery of adjuvant chemotherapy?,"We found no evidence that IBR compromised the delivery of adjuvant chemotherapy, although there was a significant incidence of implant infection.",0.5647,False,7.002,2158.641,2165.643,2,1
pubmedqa,57,Human papillomavirus and pterygium. Is the virus a risk factor?,The low presence of HPV DNA in pterygia does not support the hypothesis that HPV is involved in the development of pterygia in Denmark.,0.4279,True,7.422,4306.323,4313.745,2,1
pubmedqa,58,Can PRISM predict length of PICU stay?,"The ANN with its intrinsic ability to detect non-linear correlation, and to relate specific item patterns to LOS, outperformed linear statistics but was still disappointing in estimating individual LOS. It might be speculated that therapeutic intervention modulates the natural course of the disease thus counteracting both disease severity as initially scored by PRISM, and LOS. This being true, the inverse of the correlation between PRISM (or PRISM based LOS estimate) and LOS might be a candidate indicator of quality of care.",0.6793,False,7.598,3688.231,3695.829,2,1
pubmedqa,59,Can predilatation in transcatheter aortic valve implantation be omitted?,TAVI can be performed safely without balloon predilatation and with the same early results as achieved with the standard procedure including balloon predilatation. The reduction in the number of pacing periods required may be beneficial for the patient.,0.2128,True,7.99,3354.508,3362.498,2,1
pubmedqa,60,Autoerotic asphyxiation: secret pleasure--lethal outcome?,"Pediatricians should be alert to the earliest manifestations of AEA. Awareness of choking games among the young and, of those, a subset who eventually progress to potentially fatal AEA is strongly encouraged among all primary care professionals who may be able to interrupt the behavior.",0.7156,False,8.648,3412.95,3421.598,2,1
pubmedqa,61,Major depression and alcohol use disorder in adolescence: Does comorbidity lead to poorer outcomes of depression?,"The results of these analyses suggest that marginally higher rates of depression to age 35 amongst the comorbid MD/AUD group were explained by increased exposure to adverse childhood circumstances amongst members of the comorbid group. Adolescent MD/AUD comorbidity is likely to be a risk marker, rather than a causal factor in subsequent MD.",0.6217,False,7.087,5546.169,5553.256,2,1
pubmedqa,62,Cold preparation use in young children after FDA warnings: do concerns still exist?,"Despite current recommendations, cough and cold medicines are still used in children younger than 6 years of age. A significant portion of caregivers report that they are still unaware of public warnings, potential side effects, and interactions with other medications.",0.505,False,7.124,3106.477,3113.601,2,1
pubmedqa,63,Does a 4 diagram manual enable laypersons to operate the Laryngeal Mask Supreme®?,In manikin laypersons could insert LMAS in the correct direction after onsite instruction by a simple manual with a high success rate. This indicates some basic procedural understanding and intellectual transfer in principle. Operating errors (n = 91) were frequently not recognized and corrected (n = 77). Improvements in labeling and the quality of instructional photographs may reduce individual error and may optimize understanding.,0.5924,False,7.607,3772.152,3779.759,2,1
pubmedqa,64,Can we measure mesopic pupil size with the cobalt blue light slit-lamp biomicroscopy method?,"Although the SLBM is quite repeatable, it underestimates mesopic pupil size and shows a too wide range of agreement with CIP. SLBM shows low sensitivity in detecting pupils larger than 6 mm, which may be misleading when planning anterior segment surgery. Previous grading-consensus training strategies may increase interrater reproducibility, and compensation for the systematic underestimation could improve accuracy of the SLBM.",0.5028,False,13.222,2271.914,2285.136,2,1
pubmedqa,65,Should circumcision be performed in childhood?,"Incomplete separation between prepuce and glans penis is normal and common among new-borns, progressing until adolescence to spontaneous separation, at which time it is complete in the majority of boys. Accordingly to the criteria we have sustained for years and present study's findings, circumcision has few indications during childhood, as well as forced prepucial dilation.",0.5059,False,7.689,4393.384,4401.073,2,1
pubmedqa,66,Does a colonoscopy after acute diverticulitis affect its management?,"Our results suggest that colonoscopy does not affect the management of patients with acute diverticulitis nor alter the outcome. The current practice of a routine colonoscopy after acute diverticulitis, diagnosed by typical clinical symptoms and CT needs to be reevaluated.",0.3631,True,13.647,3704.428,3718.075,2,1
pubmedqa,67,Do instrumental activities of daily living predict dementia at 1- and 2-year follow-up?,"IADL disability is a useful addition to the diagnostic process in a memory clinic setting, indicating who is at higher risk of developing dementia at 1- and 2-year follow-up.",0.6724,False,10.635,3701.018,3711.653,2,1
pubmedqa,68,Does the Simultaneous Use of a Neuroendoscope Influence the Incidence of Ventriculoperitoneal Shunt Infection?,"In the present study, the use of an endoscope during VPS procedures did not increase the risk of surgical infection.",0.4398,True,7.298,4754.662,4761.96,2,1
pubmedqa,69,"Body perception: do parents, their children, and their children's physicians perceive body image differently?",Many children underestimated their degree of overweight. Their parents and even their attending physicians shared this misperception. This study demonstrates the need to further educate physicians to recognize obesity and overweight so that they can counsel children and their families.,0.5478,False,7.358,4307.878,4315.237,2,1
pubmedqa,70,Is a specialised training of phonological awareness indicated in every preschool child?,"A specialized training program to improve phonologic awareness as a basis for reading and writing in every kindergarten and preschool child seems to be unnecessary. However, children with temporary hearing deficits benefit from such a program. For all other children general perception training may be sufficient.",0.3494,True,8.271,4785.403,4793.673,2,1
pubmedqa,71,Is there any relationship between streptococcal infection and multiple sclerosis?,"These findings indicate that a relationship between multiple sclerosis and streptococcal infections may exist, but to acquire a better understanding of the role of group A streptococci in the pathogenesis of multiple sclerosis, more studies with animal models are necessary.",0.6608,False,8.057,3413.358,3421.415,2,1
pubmedqa,72,Is the combination with 2-methoxyestradiol able to reduce the dosages of chemotherapeutices in the treatment of human ovarian cancer?,2ME is able to enhance the antiproliferative activity of certain chemotherapeutics at pharmacological relevant concentrations. This estradiol metabolite is currently in a phase II trial in patients with refractary metastatic breast cancer and the tolerability has been shown to be very good. The combination of 2ME with chemotherapeutics may therefore offer a new clinically relevant treatment regimen for hormone-dependent cancer.,0.6356,False,11.978,4119.534,4131.512,2,1
pubmedqa,73,Assessing joint line positions by means of the contralateral knee: a new approach for planning knee revision surgery?,"As a new assessment method, we have suggested to assess the JL by means of radiographs of the contralateral knee. The most precise parameter was found to be the distance between the fibular head and the JL. The level of arthritis, age, gender, visibility of the landmarks, and misalignment did not influence measurement accuracy. This parameter is the first tibia-related landmark for assessing the JL, which advantageously corresponds to the tibia-first technique in revision surgery.",0.5545,False,7.541,1794.495,1802.036,2,1
pubmedqa,74,Does the type of tibial component affect mechanical alignment in unicompartmental knee replacement?,"Patients who received a metal-backed Onlay tibial component obtained better postoperative mechanical alignment compared to those who received all-polyethylene Inlay prostheses. The thicker overall construct of Onlay prostheses appears to be an important determinant of postoperative alignment. Considering their higher survivorship rates and improved postoperative mechanical alignment, Onlay prostheses should be the first option when performing medial UKR.",0.498,True,7.905,3585.348,3593.253,2,1
pubmedqa,75,Is tumour expression of VEGF associated with venous invasion and survival in pT3 renal cell carcinoma?,"Progression of a pT3 tumour into the renal vein and vena cava is not associated with increased tumour expression of VEGF. However, VEGF is an independent prognostic factor in this group of poor prognosis renal tumours.",0.6891,False,9.823,3561.585,3571.409,2,1
pubmedqa,76,Injury and poisoning mortality among young men--are there any common factors amenable to prevention?,"Alcohol and drug use are important contributory factors to injury and poisoning deaths. More research is needed into the effects of unemployment and being single on the health of young men, and to investigate the motivations behind risk taking and self-destructive behaviour.",0.463,True,7.006,3071.424,3078.43,2,1
pubmedqa,77,Continuation of pregnancy after antenatal corticosteroid administration: opportunity for rescue?,"Rescue AC may apply to only 18% of cases, and we identified subsets of more likely candidates.",0.5622,False,10.772,5651.339,5662.111,2,1
pubmedqa,78,Does either obesity or OSA severity influence the response of autotitrating CPAP machines in very obese subjects?,"In this population, neither BMI nor neck circumference nor waist circumference is predictive of autoCPAP pressure. Therefore, the previously derived algorithm does not adequately predict the fixed CPAP pressure for subsequent clinical use in these obese individuals. In addition, some subjects without OSA generated high autoCPAP pressures, and thus, the correlation between OSA severity and autoCPAP pressure was only moderate.",0.5757,False,7.856,5500.747,5508.604,2,1
pubmedqa,79,Does the clinical presentation of a prior preterm birth predict risk in a subsequent pregnancy?,Patients with a history of ACD are at an increased risk of having recurrent preterm birth and cervical shortening in a subsequent pregnancy compared with women with prior preterm birth associated PPROM or PTL.,0.8031,False,9.249,3700.741,3709.99,2,1
pubmedqa,80,Is the Distance Worth It?,"Our results indicate that when controlled for patient, tumor, and hospital factors, patients who traveled a long distance to a high-volume center had improved lymph node yield, neoadjuvant chemoradiation receipt, and 30- and 90-day mortality compared with those who traveled a short distance to a low-volume center. They also had improved 5-year survival. See Video Abstract at http://links.lww.com/DCR/A446.",0.4336,True,6.955,6798.456,6805.411,2,1
pubmedqa,81,Aripiprazole: a new risk factor for pathological gambling?,Adverse drug reactions were confronted with other already published case reports. Dopamine partial agonist mechanism of aripiprazole could explain the occurrence of pathological gambling.,0.5025,False,8.038,3893.711,3901.748,2,1
pubmedqa,82,Immune suppression by lysosomotropic amines and cyclosporine on T-cell responses to minor and major histocompatibility antigens: does synergy exist?,Lysosomotropic amines in combination with cyclosporine appear to be synergistic in the suppression of T-cell proliferation to MiHC and MHC. Use of chloroquine in combination with cyclosporine may result in improved control of GVHD.,0.7154,False,8.263,4033.18,4041.444,2,1
pubmedqa,83,Does induction chemotherapy have a role in the management of nasopharyngeal carcinoma?,"While not providing conclusive evidence, this single institution experience suggests that neoadjuvant chemotherapy for Stage IV NPC patients improves both survival and disease control. Recurrence within the irradiated volume was the most prevalent mode of failure and future studies will evaluate regimens to enhance local regional control.",0.5108,False,8.958,4605.535,4614.492,2,1
pubmedqa,84,Treatment of contralateral hydrocele in neonatal testicular torsion: Is less more?,We have demonstrated that approaching a contralateral hydrocele in cases of neonatal testicular torsion solely through a scrotal incision is safe and effective. Inguinal exploration was not performed in our study and our long-term results demonstrate that such an approach would have brought no additional benefit. In avoiding an inguinal approach we did not subject our patients to unnecessary risk of testicular or vasal injury. Contralateral hydrocele is commonly seen in cases of neonatal testicular torsion. In our experience this is a condition of minimal clinical significance and does not warrant formal inguinal exploration for treatment. This conservative management strategy minimizes the potential of contralateral spermatic cord injury in the neonate. The aims of the study were met.,0.3835,True,8.214,4040.419,4048.633,2,1
pubmedqa,85,"Are normally sighted, visually impaired, and blind pedestrians accurate and reliable at making street crossing decisions?","Our data suggested that visually impaired pedestrians can make accurate and reliable street crossing decisions like those of normally sighted pedestrians. When using auditory information only, all subjects significantly overestimated the vehicular gap time. Our finding that blind pedestrians performed significantly worse than either the normally sighted or visually impaired subjects under the hearing only condition suggested that they may benefit from training to improve their detection ability and/or interpretation of vehicular gap times.",0.5276,False,10.362,3184.35,3194.712,2,1
pubmedqa,86,Is it Crohn's disease?,"Granulomatous myelotoxicity and enteritis developed in a 21 year old female within 3 weeks of initiating sulfasalazine for rheumatoid arthritis. Following a short course of corticosteroids, the patient had resolution of her cholestatic hepatitis, rash, eosinophilia, and gastrointestinal symptoms with no residual manifestations at 7 months follow-up. Although severe reactions to sulfasalazine are rare and unpredictable, practicing physicians should be aware of unusual clinical presentations of toxicity when prescribing sulfasalazine.",0.622,False,8.224,3518.869,3527.093,2,1
pubmedqa,87,Is Chaalia/Pan Masala harmful for health?,"The frequency of habits of Chaalia and Pan Masala chewing, by school children in lower socio-economic areas is extremely high. The probable reasons for this high frequency are taste, the widespread use of these substances by family members and friends, low cost and easy availability.",0.6951,False,8.996,2044.932,2053.929,2,1
pubmedqa,88,Does multi-modal cervical physical therapy improve tinnitus in patients with cervicogenic somatic tinnitus?,"Cervical physical therapy can have a positive effect on subjective tinnitus complaints in patients with a combination of tinnitus and neck complaints. Larger studies, using more responsive outcome measures, are however necessary to prove this effect.",0.7432,False,10.465,4364.977,4375.443,2,1
pubmedqa,89,Detailed analysis of sputum and systemic inflammation in asthma phenotypes: are paucigranulocytic asthmatics really non-inflammatory?,"This study demonstrates that a significant eosinophilic inflammation is present across all categories of asthma, and that paucigranulocytic asthma may be seen as a low grade inflammatory disease.",0.3646,True,7.229,5234.231,5241.46,2,1
pubmedqa,90,Is HIV/STD control in Jamaica making a difference?,"HIV/STD control measures appear to have slowed the HIV/AIDS epidemic in Jamaica, however a significant minority of persons continue to have unprotected sex in high risk situations.",0.4796,True,8.166,7446.037,7454.203,2,1
pubmedqa,91,Is Panton-Valentine leucocidin associated with the pathogenesis of Staphylococcus aureus bacteraemia in the UK?,We found that 1.6% of S. aureus (all MSSA) from bacteraemic patients were PVL-positive. This low incidence suggests that PVL-positive S. aureus are of no particular significance as causative agents of S. aureus bacteraemia.,0.5248,False,7.877,5597.472,5605.349,2,1
pubmedqa,92,Are even impaired fasting blood glucose levels preoperatively associated with increased mortality after CABG surgery?,The elevated risk of death after CABG surgery known previously to be associated with CDM seems also to be shared by a group of similar size that includes patients with IFG and undiagnosed DM.,0.3911,True,7.736,4204.176,4211.912,2,1
pubmedqa,93,Does positron emission tomography change management in primary rectal cancer?,"Position emission tomography scanning appears to accurately change the stage or appropriately alter the therapy of almost a third of patients with advanced primary rectal cancer. In view of this, we suggest that position emission tomography scanning be considered part of standard workup for such patients, particularly if neoadjuvant chemoradiation is being considered as part of primary management.",0.6239,False,10.881,3285.743,3296.623,2,1
pubmedqa,94,Can you deliver accurate tidal volume by manual resuscitator?,"The tidal volume delivered by a manual resuscitator shows large variations. There were significant differences in the volume delivered by compression methods, but physical characteristics are not a predictor of tidal volume delivery. The manual resuscitator is not a suitable device for accurate ventilation.",0.6467,False,9.294,3957.487,3966.78,2,1
pubmedqa,95,Can increases in the cigarette tax rate be linked to cigarette retail prices?,"Numerous studies have found that taxation is one of the most effective policy instruments for tobacco control. However, these findings come from countries that have market economies where market forces determine prices and influence how cigarette taxes are passed to the consumers in retail prices. China's tobacco industry is not a market economy; therefore, non-market forces and the current Chinese tobacco monopoly system determine cigarette prices. The result is that tax increases do not necessarily get passed on to the retail price.",0.5824,False,10.709,2496.771,2507.48,2,1
pubmedqa,96,Vertical lines in distal esophageal mucosa (VLEM): a true endoscopic manifestation of esophagitis in children?,Histology usually demonstrated moderate to severe inflammation when VLEM were present. VLEM may be a highly specific endoscopic feature of esophagitis in children.,0.6445,False,8.839,5510.653,5519.492,2,1
pubmedqa,97,Does hypoglycaemia increase the risk of cardiovascular events?,"Severe hypoglycaemia is associated with an increased risk for CV outcomes in people at high CV risk and dysglycaemia. Although allocation to insulin glargine vs. standard care was associated with an increased risk of severe and non-severe hypoglycaemia, the relative risk of CV outcomes with hypoglycaemia was lower with insulin glargine-based glucose-lowering therapy than with the standard glycaemic control. Trial Registration (ORIGIN ClinicalTrials.gov number NCT00069784).",0.4862,True,7.27,4243.067,4250.336,2,1
pubmedqa,98,Does the radiographic transition zone correlate with the level of aganglionosis on the specimen in Hirschsprung's disease?,Correlation between level of radiographic transition zone on contrast enema and length of aganglionosis remains low. Systematic preoperative biopsy by coelioscopy or ombilical incision is mandatory.,0.5572,False,7.747,2693.506,2701.253,2,1
pubmedqa,99,Is dexamethasone an effective alternative to oral prednisone in the treatment of pediatric asthma exacerbations?,"The current literature suggests that dexamethasone can be used as an effective alternative to prednisone in the treatment of mild to moderate acute asthma exacerbations in children, with the added benefits of improved compliance, palatability, and cost. However, more research is needed to examine the role of dexamethasone in hospitalized children.",0.1882,True,8.479,2637.712,2646.191,2,1
hotpotqa,0,What was Iqbal F. Qadir on when he participated in an attack on a radar station located on western shore of the Okhamandal Peninsula?,flotilla,0.719,False,20.165,2842.777,2862.942,2,1
hotpotqa,1,When did the park at which Tivolis Koncertsal is located open?,15 August 1843,0.3631,True,15.323,1703.738,1719.061,2,1
hotpotqa,2,What is the shared country of ancestry between Art Laboe and Scout Tufankjian?,Armenian,0.5856,False,18.359,1682.481,1700.84,2,1
hotpotqa,3,The school in which the Wilmslow Show is held is designated as what?,Centre of Excellence,0.7354,False,15.011,1467.448,1482.459,2,1
hotpotqa,4,Who will Billy Howle be seen opposite in the upcoming British drama film directed by Dominic Cooke?,Saoirse Ronan,0.519,False,15.098,927.627,942.725,2,1
hotpotqa,5,"What animated movie, starring Danny Devito, featured music written and produced by Kool Kojak?",The Lorax,0.6684,False,11.071,2016.226,2027.297,2,1
hotpotqa,6,"Out of the actors who have played the role of Luc Deveraux in the Universal Soldier franchise, which actor has also starred in the movies Holby City, Doctor Strange, the Bourne Ultimatum and Zero Dark Thirty?",Scott Adkins,0.495,True,11.652,3044.993,3056.645,2,1
hotpotqa,7,Tommy's Honour was a drama film that included the actor who found success with what 2016 BBC miniseries?,War & Peace,0.5229,False,11.142,2021.656,2032.798,2,1
hotpotqa,8,"Which rock band chose its name by drawing it out of a hat, Switchfoot or Midnight Oil?",Midnight Oil,0.4497,True,16.415,804.214,820.629,2,1
hotpotqa,9,"""Tunak"", is a bhangra/pop love song by an artist born in which year ?",1967,0.9136,False,14.05,1489.387,1503.438,2,1
hotpotqa,10,Which Captain launched the attack which led to more casualties than any other incident in the war fought between the settlers of the nascent colony of New Netherland and the native Lenape population?,Captain John Underhill,0.6458,False,12.708,3258.734,3271.442,2,1
hotpotqa,11,In which film did Emilio Estevez star in in the same year as Nightmares,The Outsiders,0.3976,True,11.082,1960.144,1971.226,2,1
hotpotqa,12,What was the concept of the business Eric S .Pistorius worked for after being an attorney?,to ensure wide visibility and understanding of cases in a region,0.582,False,12.3,2764.051,2776.351,2,1
hotpotqa,13,Which port city lies approximately 25 km north of the Lingnan Fine Arts Museum?,Keelung,0.7128,False,11.48,1843.512,1854.992,2,1
hotpotqa,14,Has Stefan Edberg won more events than  Édouard Roger-Vasselin?,yes,0.4625,True,15.97,2430.405,2446.375,2,1
hotpotqa,15," Jason Regler, stated that he had the idea for the flashing wristbands during a song built around which instrument ?",an organ,0.4125,True,12.113,2388.422,2400.535,2,1
hotpotqa,16, The Soul of Buddha is a 1918 American silent romance film shot in a borough  that is the western terminus of what?,the George Washington Bridge,0.4631,True,11.671,2638.08,2649.751,2,1
hotpotqa,17,"Which ""Blackzilians"" fighter is currently competing in the Middleweight division of Ultimate Fighting Championship?",Vitor Belfort,0.7272,False,11.428,1780.428,1791.856,2,1
hotpotqa,18,"Were was the Mexican state after which there is Villa Unión, Sinaloa located? ",tip of the Baja California,0.632,False,12.022,1407.862,1419.884,2,1
hotpotqa,19,"What language, traditionally written with the ancient Libyco-Berber script, is closely related to the Tumzabt and Teggargrent languages?",The Tugurt language,0.775,False,13.525,3097.315,3110.84,2,1
hotpotqa,20,Who is the fictional head of a British Secret Service division and for which a one-time missionary was the inspiration for?,Q,0.7123,False,11.862,2194.109,2205.971,2,1
hotpotqa,21,Phillip Pullman's book set in a parallel universe featuring a character named Lyra Belacqua was put into audio in what year?,2002,0.5359,False,15.347,1892.313,1907.66,2,1
hotpotqa,22,Who directed the second film in a British series of action comedy film parodying the James Bond secret agent genre with comedy similar to Rowan Atkinson's Mr. Bean character?,Oliver Parker,0.5826,False,14.86,2541.935,2556.795,2,1
hotpotqa,23,George Gershwin is an American Composer and Judith Weir is a composer from which country?,a British composer,0.5829,False,11.348,1373.836,1385.184,2,1
hotpotqa,24,What Was the name of Juan Manuel Márquez's  WBO champion holding younger brother?,Rafael Márquez,0.7223,False,11.671,2114.028,2125.698,2,1
hotpotqa,25,The Running Man Brothers is a South Korean pop duo. Kim Jong-kook is one member and he is from what country?,South Korea,0.5936,False,12.426,913.262,925.689,2,1
hotpotqa,26,Ruddles Brewery is owned by a pub retailer and brewer based in what city?,Bury St Edmunds,0.7475,False,12.566,1955.477,1968.043,2,1
hotpotqa,27,The creator of the Lisa Simpson character was born in what year?,1954,0.8237,False,11.542,1608.659,1620.201,2,1
hotpotqa,28,Where is the international airport which Eagle Aviation wet lease operations were based in located ,France.,0.7657,False,11.768,1868.965,1880.733,2,1
hotpotqa,29,What occupation was shared by David Yates and Pietro Germi?,director,0.4896,True,12.414,2218.613,2231.027,2,1
hotpotqa,30,Who sang lead vocals on the Oasis hit single which had an acoustic debut in drummer Tony McCarroll's last concert ? ,Noel Gallagher,0.5968,False,16.909,3069.839,3086.748,2,1
hotpotqa,31,"St. John's College, Belize offers an education in a tradition in which what three subjects were the core?","Grammar, logic, and rhetoric",0.5934,False,14.158,3513.865,3528.024,2,1
hotpotqa,32,Robert Earl Holding owned an oil company that was originally founded by who?,Harry F. Sinclair,0.47,True,11.628,2410.567,2422.195,2,1
hotpotqa,33,"What instrument does Duff McKagan play on Macy Gray's single, Kissed It?",bass,0.9388,False,14.278,1691.349,1705.627,2,1
hotpotqa,34,Which American popular music and country music singer recorded J. D. Souther song ,Linda Maria Ronstadt,0.6977,False,12.828,2008.052,2020.88,2,1
hotpotqa,35,In which six Western European territories have Celtic languages or cultural traits survived?,"Brittany, Cornwall, Ireland, Isle of Man, Scotland and Wales.",0.6724,False,10.999,1608.169,1619.168,2,1
hotpotqa,36,Who is known for composing  American Beauty: Original Motion Picture Score and many other film scores?,Thomas Montgomery Newman,0.5279,False,11.567,705.638,717.206,2,1
hotpotqa,37,What film was written and directed by Joby Harold with music written by Samuel Sim?,Awake,0.6146,False,11.907,2015.899,2027.807,2,1
hotpotqa,38,"What group did Carlene LeFevre and Rich LeFevre form in Brooklyn, New York City?","the ""First Family of Competitive Eating""",0.7077,False,11.436,2360.522,2371.958,2,1
hotpotqa,39,"Michaël Llodra of France, called ""the best volleyer on tour"", defeated Juan Martín del Potro a professional of what nationality?",Argentinian,1.0,False,19.981,1065.379,1085.36,2,1
hotpotqa,40,What company produced the 1978 movie based on a book written by a radio playwright and children's book author born in 1900?,Walt Disney Productions,0.69,False,15.094,2413.433,2428.526,2,1
hotpotqa,41,How many students were enrolled in American professional bowler Chris Barnes' high school in the 2010-2011 school year?,"1,840 students",0.5531,False,11.06,1330.257,1341.316,2,1
hotpotqa,42,"Which canal, Miami Canal or Dundee Canal, also supplies hydro-power and water for manufacturing?",Dundee Canal,0.6977,False,15.65,1776.752,1792.401,2,1
hotpotqa,43,What is the middle name of the singer who recorded Would You Like to Take a Walk? with Louis Armstrong in 1951,Jane,0.5897,False,11.915,2379.337,2391.252,2,1
hotpotqa,44,What was Richard Connell's best known work The Hounds of Zaroff also published as?,The Most Dangerous Game,0.7559,False,14.084,1083.003,1097.087,2,1
hotpotqa,45,The Stone Book series is set in what country? ,North West England,0.6551,False,12.393,1563.964,1576.356,2,1
hotpotqa,46,Are both Jonathan Marray and Wayne Black British?,no,0.5531,False,11.47,937.223,948.693,2,1
hotpotqa,47,Sporobolus and Zea are in the same what?,family,0.7163,False,12.041,1391.029,1403.07,2,1
hotpotqa,48,Are Mick Jagger and Brett Scallions both musicians?,yes,0.531,False,11.523,1612.927,1624.449,2,1
hotpotqa,49,"When did Senator Ted Kennedy helped dedicate a new room at the location to his maternal grandfather, John F. Fitzgerald.",St. Patrick's Day in 1988,0.7106,False,18.941,2163.182,2182.123,2,1
hotpotqa,50,Which 8-year old star of an epistolary novel turned musical by Alice Walker also voiced Frankie Greene in a Disney series?,Diamond White,0.6276,False,12.574,2190.32,2202.894,2,1
hotpotqa,51,"Which music group has the most members, DC Talk, or Manchester Orchestra?",Manchester Orchestra,0.5825,False,14.682,4254.387,4269.069,2,1
hotpotqa,52,Orlando Brown is best known for his role as 3J Winslow in an American sitcom that was a spin-off of what?,Perfect Strangers,0.6462,False,12.629,1851.529,1864.157,2,1
hotpotqa,53,"The Livesey Hal War Memorial commemorates the fallen of which war, that had over 60 million casualties?",World War II,0.5657,False,13.034,1993.777,2006.81,2,1
hotpotqa,54,"Where was the air-cooled version of a weapon system used on the HMAS ""Narani"" found?",World War I fighter aircraft.,0.6935,False,15.728,2312.327,2328.056,2,1
hotpotqa,55,"BMW X5 is a mid-size version that was produced alongside which newer model, produced in 2009?",BMW X6,0.5118,False,11.968,2651.603,2663.57,2,1
hotpotqa,56,Did Minersville School District v. Gobitis and Gravel v. United States occur in the same decade?,no,0.5608,False,14.176,2504.703,2518.879,2,1
hotpotqa,57,Yakuza Kiwami is a remake of the first video game in what video game series that is an open world action-adventure beat 'em up video game franchise?,Yakuza,0.7258,False,13.185,2670.518,2683.702,2,1
hotpotqa,58, The 1919 Mississippi gubernatorial election Incumbent Democrat was a master of what?,filibuster,0.7347,False,11.35,1912.388,1923.738,2,1
hotpotqa,59,"Are both genera Silphium and Heliotropium, genera of flowering plants ?",yes,0.7664,False,17.926,1314.566,1332.492,2,1
hotpotqa,60,Mexican Indignados Movement is a response to a war also known as?,Mexican War on Drugs,0.5071,False,13.117,1766.87,1779.987,2,1
hotpotqa,61,Are Harry Everett Smith and Vladimir Danilevich both from Russia?,no,0.5531,False,14.354,1057.418,1071.772,2,1
hotpotqa,62,"Robert Allen ""Bob"" Case is best known for inspiring the naming of which initial area of low pressure developed off Atlantic Canada on October 29? ",1991 Perfect Storm,0.394,True,13.644,2175.753,2189.397,2,1
hotpotqa,63,What film adaptation do both Jerome Bernard and Ira Lewis have in common?,Chinese Coffee,0.4791,True,13.851,1541.457,1555.309,2,1
hotpotqa,64,"Who has more scope of profession, Bob Fosse or Angelina Jolie?",Robert Louis Fosse,0.5042,False,14.766,3790.531,3805.297,2,1
hotpotqa,65,What bitcoin start up featured Erik Voorhees as Director of Marketing?,BitInstant,0.55,False,13.746,1047.004,1060.75,2,1
hotpotqa,66,"What is the birth name of the disc jockey that notably used Mark Wirtz's song ""A Touch of Velvet, A Sting of Brass"" on their Radio Caroline show?",David Patrick Griffin,0.4665,True,10.139,3145.27,3155.409,2,1
hotpotqa,67,Who did Neleus of Scepsis study under in addition to Theophrastus in the Peripatetic school?,Aristotle,0.6296,False,14.457,1959.408,1973.865,2,1
hotpotqa,68,In what basketball position does the brother of Saulius Kuzminskas play?,small forward,0.698,False,9.665,1466.985,1476.65,2,1
hotpotqa,69,Which gaming console was both Yakuza Kiwami and Yakuza 0 released on?,PlayStation 4,0.4017,True,17.018,1119.463,1136.481,2,1
hotpotqa,70,Which film was released first out of The Hunchback of Notre Dame and Miracle of the White Stallions?,Miracle of the White Stallions,0.4879,True,12.759,3947.725,3960.484,2,1
hotpotqa,71,"What was built near the residential neighborhood of Ramsay, Calgary in 1983?",Scotiabank Saddledome,0.6801,False,12.582,1851.209,1863.791,2,1
hotpotqa,72,Tommy Swerdlow co-wrote the screenplay of what film directed by Jon Turteltaub?,Cool Runnings,0.3952,True,11.785,1993.394,2005.179,2,1
hotpotqa,73,Of what county is the city 7 miles east of Trace State Park the seat?,"Lee County, Mississippi",0.7537,False,11.334,1865.688,1877.022,2,1
hotpotqa,74,"Works by Hanna Leena Kristiina Varis are part of a collection in a museum that houses approximately 65,000 what?",drawings,0.864,False,18.34,1332.62,1350.96,2,1
hotpotqa,75,"Jennifer Gordon received a bachelor of arts degree from which women's liberal arts college in Cambridge, Massachusetts, and functioned as a female coordinate institution for the all-male Harvard College?",Radcliffe College,0.729,False,13.196,1096.572,1109.767,2,1
hotpotqa,76,In which U.S. state are MedStar Georgetown University Hospital and Providence Hospital?,District of Columbia,0.4685,True,14.206,2215.236,2229.442,2,1
hotpotqa,77,"The subject of McGinniss' 1983 book ""Fatal Vision"" was convicted of murder in what year?",1979,0.6031,False,11.637,2163.152,2174.789,2,1
hotpotqa,78,"Which American Director doubled as a choreographer also, Stanley Kubrick or Kenny Ortega?","Kenneth John ""Kenny"" Ortega (born April 18, 1950) is an American producer, director, and choreographer.",0.7259,False,11.516,2009.05,2020.567,2,1
hotpotqa,79,Lou Pai is a former executive of an energy company that went bankrupt in what year?,2001,0.6188,False,12.904,1851.926,1864.83,2,1
hotpotqa,80,What religion is the composer for India's first science fiction film series?,Hindi,0.6951,False,12.756,1881.516,1894.272,2,1
hotpotqa,81,Which battle took place first out of the Battle of the Ch'ongch'on River and the Battle of Tarawa?,The Battle of Tarawa,0.5897,False,11.46,4796.827,4808.287,2,1
hotpotqa,82,What year was the brother of this first round draft pick by the Washington Redskins drafted?,2003,0.6071,False,12.857,1918.078,1930.935,2,1
hotpotqa,83,Which them park is host to both the Back to the Future Rid and The Simpsons Ride?,Universal Studios Florida,0.4992,True,13.768,2263.168,2276.937,2,1
hotpotqa,84,"When was the band who composited ""Discipline"" formed?",1968,0.4757,True,14.369,2068.377,2082.746,2,1
hotpotqa,85,Did the Sandy and Beaver Canal remain operational until a later date than the Los Angeles Aqueduct?,no,0.612,False,11.781,2065.477,2077.258,2,1
hotpotqa,86,Who directed the 1940 film in which John Arledge appeared?,John Ford,0.7314,False,13.397,2064.21,2077.607,2,1
hotpotqa,87,Are Mirpur University of Science and Technology and University of Debrecen both Universities located outside of the United States?,yes,0.9271,False,13.282,1808.341,1821.623,2,1
hotpotqa,88,"which American actress, singer, and songwriter too the tour of  I Stand tour ",Idina Kim Menzel,0.5367,False,22.195,722.459,744.654,2,1
hotpotqa,89,Grounded Vindaloop is an episode from an animated television series that had this many episodes in its eighteenth season?,ten episodes,0.5851,False,11.772,2839.299,2851.071,2,1
hotpotqa,90,How many consecutive years had the Serie A been comprised of 18 teams when Hernan Crespo got injured?,15th consecutive,0.3472,True,12.11,2577.248,2589.358,2,1
hotpotqa,91,What British made dance competition television series franchise did Claudia Albertario appear on?,"""Dancing on Ice"" around the world",0.6338,False,15.125,1827.97,1843.095,2,1
hotpotqa,92,How many Grammy awards were won by an album named after the Joni Mitchell song from Love Actually?,two Grammy awards,0.5771,False,17.016,1787.205,1804.221,2,1
hotpotqa,93,"What award does Crystal Palace F.C. present, first won by John McCormick and most recently by Wilfried Zaha?",Player of the Year,0.7761,False,13.719,1759.815,1773.534,2,1
hotpotqa,94,"Which was published more frequently, Popular Science or Girlfriends?",Girlfriends,0.4661,True,13.334,2177.87,2191.205,2,1
hotpotqa,95,"In what year did the actor who starred in the TV Land original series ""The Soul Man"" host the Black Movie Awards?",2005,0.7411,False,11.333,2035.947,2047.279,2,1
hotpotqa,96,The Robey-Peters Gun-Carrier was built at a commuter village with at population of what at the 2001 census?,"4,530",0.7004,False,11.695,2680.98,2692.675,2,1
hotpotqa,97,"This American is best known for his work on such Disney animated films as ""Beauty and the Beast"" and a 1996 American animated musical drama film whose plot centers on who?",Quasimodo,0.6943,False,11.639,1732.582,1744.221,2,1
hotpotqa,98,In what part of England is John Folwes' country house located?,"West Dorset, South West England.",0.6004,False,14.821,1569.248,1584.069,2,1
hotpotqa,99,Richard Münch portrayed the German general who served in what capacity during WWII in the 1970 movie Patton?,Oberkommando der Wehrmacht,0.3406,True,10.639,2491.705,2502.344,2,1
